BEGIN TRANSACTION;

PRAGMA foreign_keys = ON;

-- =========================================================
-- Vollständige Demo-Daten für GBanking
-- Bereinigte Fassung:
-- - nur symmetrische Umbuchungen
-- - 2 zusätzliche Konten
-- - zusätzliche sinnvolle Buchungen
-- - Datumsformat: yyyy-MM-dd HH:mm:ss.SSS
-- =========================================================

-- =========================================================
-- Cleanup für wiederholtes Einspielen
-- =========================================================
DELETE FROM booking_category WHERE id BETWEEN 950001 AND 950299;
DELETE FROM moneytransfer   WHERE id BETWEEN 940001 AND 940099;
DELETE FROM booking         WHERE id BETWEEN 910001 AND 910299;
DELETE FROM recipient       WHERE id BETWEEN 930001 AND 930099;
DELETE FROM category        WHERE id BETWEEN 920001 AND 920199;
DELETE FROM bankAccount     WHERE id BETWEEN 900001 AND 900099;
DELETE FROM bankAccess      WHERE id = 900000;

-- =========================================================
-- Demo-Bankzugang
-- =========================================================
INSERT INTO bankAccess (
    id, bankName, country, blz, hbciURL, port, userId, customerId, sysId,
    tanProcedure, allowedTwostepMechanisms, hbciVersion, bpdVersion, updVersion,
    hbciFilterType, active, updatedAt
) VALUES (
    900000,
    'DemoBank',
    'DE',
    '99999999',
    'https://demo.invalid/fints',
    443,
    'demo.user',
    'demo.customer',
    'demo.sys',
    'APP_TAN',
    '942,999',
    '300',
    '1',
    '1',
    'NONE',
    1,
    '2026-05-31 00:00:00.000'
);

-- =========================================================
-- Konten
-- =========================================================
INSERT INTO bankAccount (
    id, bankAccess_id, accountName, currency, accountType, accountSource, iban, bic,
    number, subNumber, bankName, blz, hbciAccountType, accountLimit, customerId,
    ownerName, ownerName2, country, creditorId, isSEPAAccount, isOfflineAccount,
    accountState, balance, updatedAt
) VALUES
(
    900001, 900000, 'Giro Privat', 'EUR', 'CURRENT_ACCOUNT', 'MANUELL',
    'DE02120300000000000001', 'DEMODEFFXXX',
    '1000001', '00', 'DemoBank', '99999999', 1, '0.00', 'demo.customer',
    'Max Mustermann', NULL, 'DE', NULL, 1, 1, 'ACTIVE', 4559.75, '2026-05-31 00:00:00.000'
),
(
    900002, 900000, 'Tagesgeld Reserve', 'EUR', 'OVERNIGHT_MONEY', 'MANUELL',
    'DE02120300000000000002', 'DEMODEFFXXX',
    '1000002', '00', 'DemoBank', '99999999', 10, '0.00', 'demo.customer',
    'Max Mustermann', NULL, 'DE', NULL, 1, 1, 'ACTIVE', 837.45, '2026-05-31 00:00:00.000'
),
(
    900003, 900000, 'Sparkonto Urlaub', 'EUR', 'SAVINGS_ACCOUNT', 'MANUELL',
    'DE02120300000000000003', 'DEMODEFFXXX',
    '1000003', '00', 'DemoBank', '99999999', 20, '0.00', 'demo.customer',
    'Max Mustermann', NULL, 'DE', NULL, 1, 1, 'ACTIVE', 573.50, '2026-05-31 00:00:00.000'
),
(
    900004, 900000, 'Kreditkarte Visa', 'EUR', 'CREDIT_ACCOUNT', 'MANUELL',
    'DE02120300000000000004', 'DEMODEFFXXX',
    '1000004', '00', 'DemoBank', '99999999', 30, '2500.00', 'demo.customer',
    'Max Mustermann', NULL, 'DE', NULL, 1, 1, 'ACTIVE', 138.91, '2026-05-31 00:00:00.000'
),
(
    900005, 900000, 'Festgeld 12 Monate', 'EUR', 'FIXED_DEPOSIT', 'MANUELL',
    'DE02120300000000000005', 'DEMODEFFXXX',
    '1000005', '00', 'DemoBank', '99999999', 40, '0.00', 'demo.customer',
    'Max Mustermann', NULL, 'DE', NULL, 1, 1, 'ACTIVE', 6308.00, '2026-05-31 00:00:00.000'
),
(
    900006, 900000, 'Bausparen Zukunft', 'EUR', 'SAVINGS_PLAN', 'MANUELL',
    'DE02120300000000000006', 'DEMODEFFXXX',
    '1000006', '00', 'DemoBank', '99999999', 50, '0.00', 'demo.customer',
    'Max Mustermann', NULL, 'DE', NULL, 1, 1, 'ACTIVE', 650.50, '2026-05-31 00:00:00.000'
),
(
    900007, 900000, 'Sparbuch Notgroschen', 'EUR', 'SAVINGS_BOOK', 'MANUELL',
    'DE02120300000000000007', 'DEMODEFFXXX',
    '1000007', '00', 'DemoBank', '99999999', 60, '0.00', 'demo.customer',
    'Max Mustermann', NULL, 'DE', NULL, 1, 1, 'ACTIVE', 853.75, '2026-05-31 00:00:00.000'
);

-- =========================================================
-- Empfänger
-- =========================================================
INSERT INTO recipient (
    id, name, iban, bic, accountnumber, blz, bank, source, note, updatedAt
) VALUES
(930001, 'Vermieter GmbH',          'DE45111122223333444455', 'MIDEDEFFXXX', NULL, NULL, 'Mietbank',          'MANUELL', 'Warmmiete',              '2026-05-31 00:00:00.000'),
(930002, 'Stadtwerke Demo',         'DE78123456781234567890', 'STWKDEFFXXX', NULL, NULL, 'Kommunalbank',      'MANUELL', 'Abschläge Strom',        '2026-05-31 00:00:00.000'),
(930003, 'TeleNet GmbH',            'DE16161616161616161616', 'TLNTDEFFXXX', NULL, NULL, 'Netzbank',          'MANUELL', 'Internet & Mobilfunk',   '2026-05-31 00:00:00.000'),
(930004, 'Bahn AG',                 'DE19191919191919191919', 'BAHNDEFFXXX', NULL, NULL, 'Reisebank',         'MANUELL', 'Zugtickets',             '2026-05-31 00:00:00.000'),
(930005, 'Reisebüro Sonnenschein',  'DE20202020202020202020', 'RBGSDEFFXXX', NULL, NULL, 'Urlaubsbank',       'MANUELL', 'Sommerurlaub',           '2026-05-31 00:00:00.000'),
(930006, 'Demo Supermarkt',         'DE21212121212121212121', 'SUPRDEFFXXX', NULL, NULL, 'Kassenbank',        'MANUELL', 'Lebensmittel',           '2026-05-31 00:00:00.000'),
(930007, 'Apotheke am Markt',       'DE22222222222222222222', 'APOMDEFFXXX', NULL, NULL, 'Gesundheitsbank',   'MANUELL', 'Gesundheit',             '2026-05-31 00:00:00.000'),
(930008, 'Bausparkasse Zukunft AG', 'DE23232323232323232323', 'BSZUDEFFXXX', NULL, NULL, 'Bausparbank',       'MANUELL', 'Bausparvertrag',         '2026-05-31 00:00:00.000'),
(930009, 'Versicherung Nord',       'DE24242424242424242424', 'VSNRDEFFXXX', NULL, NULL, 'Versicherungsbank', 'MANUELL', 'Hausratversicherung',    '2026-05-31 00:00:00.000');

-- =========================================================
-- Kategorien
-- =========================================================
INSERT INTO category (
    id, name, parent_id, updatedAt
) VALUES
(920001, 'Einnahmen',     NULL,   '2026-05-31 00:00:00.000'),
(920002, 'Gehalt',        920001, '2026-05-31 00:00:00.000'),
(920003, 'Zinsen',        920001, '2026-05-31 00:00:00.000'),

(920010, 'Wohnen',        NULL,   '2026-05-31 00:00:00.000'),
(920011, 'Miete',         920010, '2026-05-31 00:00:00.000'),
(920012, 'Energie',       920010, '2026-05-31 00:00:00.000'),
(920013, 'Internet',      920010, '2026-05-31 00:00:00.000'),
(920014, 'Versicherung',  920010, '2026-05-31 00:00:00.000'),

(920020, 'Haushalt',      NULL,   '2026-05-31 00:00:00.000'),
(920021, 'Lebensmittel',  920020, '2026-05-31 00:00:00.000'),
(920022, 'Gesundheit',    920020, '2026-05-31 00:00:00.000'),

(920030, 'Mobilität',     NULL,   '2026-05-31 00:00:00.000'),
(920031, 'Bahn',          920030, '2026-05-31 00:00:00.000'),

(920040, 'Freizeit',      NULL,   '2026-05-31 00:00:00.000'),
(920041, 'Reisen',        920040, '2026-05-31 00:00:00.000'),

(920050, 'Sparen',        NULL,   '2026-05-31 00:00:00.000'),
(920051, 'Rücklagen',     920050, '2026-05-31 00:00:00.000'),
(920052, 'Festgeld',      920050, '2026-05-31 00:00:00.000'),
(920053, 'Bausparen',     920050, '2026-05-31 00:00:00.000'),
(920054, 'Notgroschen',   920050, '2026-05-31 00:00:00.000');

-- =========================================================
-- Buchungen
-- =========================================================

-- ---------------------------------------------------------
-- Giro Privat (900001)
-- Endsaldo: 4559.75
-- ---------------------------------------------------------
INSERT INTO booking (
    id, account_id, dateBooking, dateValue, purpose, amount, currency,
    sepaCustomerRef, sepaCreditorId, sepaEndToEnd, sepaMandate, sepaPersonId,
    sepaPurpose, sepaTyp, bookingType, bookingSource, crossAccount_id,
    recipient_id, category_id, crossBooking_id, updatedAt
) VALUES
(910001, 900001, '2026-02-03 00:00:00.000', '2026-02-03 00:00:00.000', 'Gehalt Februar Demo GmbH', 3200.00, 'EUR',
 NULL, NULL, NULL, NULL, NULL, NULL, NULL, 'DEPOSIT', 'MANUELL', NULL, NULL, 920002, NULL, '2026-02-03 00:00:00.000'),
(910002, 900001, '2026-02-04 00:00:00.000', '2026-02-04 00:00:00.000', 'Miete Februar', -1200.00, 'EUR',
 'MREF-2026-02', 'DE98ZZZ00000000001', 'E2E-RENT-2026-02', 'MDT-RENT-1', NULL, 'Miete', 'BANK_TRANSFER_ONLINE',
 'REMOVAL', 'MANUELL', NULL, 930001, 920011, NULL, '2026-02-04 00:00:00.000'),
(910003, 900001, '2026-02-05 00:00:00.000', '2026-02-05 00:00:00.000', 'Supermarkt Wochenendeinkauf', -86.40, 'EUR',
 NULL, NULL, NULL, NULL, NULL, NULL, NULL, 'REMOVAL', 'MANUELL', NULL, 930006, 920021, NULL, '2026-02-05 00:00:00.000'),
(910004, 900001, '2026-02-10 00:00:00.000', '2026-02-10 00:00:00.000', 'Stromabschlag Februar', -74.90, 'EUR',
 'MREF-ENERGY-02', 'DE98ZZZ00000000002', 'E2E-ENERGY-2026-02', 'MDT-ENERGY-1', NULL, 'Strom', 'BANK_TRANSFER_ONLINE',
 'REMOVAL', 'MANUELL', NULL, 930002, 920012, NULL, '2026-02-10 00:00:00.000'),
(910005, 900001, '2026-02-15 00:00:00.000', '2026-02-15 00:00:00.000', 'Umbuchung auf Tagesgeld', -500.00, 'EUR',
 NULL, NULL, NULL, NULL, NULL, NULL, NULL, 'REBOOKING_OUT', 'MANUELL', 900002, NULL, 920051, 910006, '2026-02-15 00:00:00.000'),
(910007, 900001, '2026-02-18 00:00:00.000', '2026-02-18 00:00:00.000', 'Internet Februar', -54.00, 'EUR',
 'MREF-NET-02', 'DE98ZZZ00000000003', 'E2E-NET-2026-02', 'MDT-NET-1', NULL, 'Internet', 'BANK_TRANSFER_ONLINE',
 'REMOVAL', 'MANUELL', NULL, 930003, 920013, NULL, '2026-02-18 00:00:00.000'),
(910008, 900001, '2026-02-21 00:00:00.000', '2026-02-21 00:00:00.000', 'Apotheke und Drogerie', -18.50, 'EUR',
 NULL, NULL, NULL, NULL, NULL, NULL, NULL, 'REMOVAL', 'MANUELL', NULL, 930007, 920022, NULL, '2026-02-21 00:00:00.000'),
(910009, 900001, '2026-02-25 00:00:00.000', '2026-02-25 00:00:00.000', 'Erstattung Versicherung', 70.00, 'EUR',
 NULL, NULL, NULL, NULL, NULL, NULL, NULL, 'DEPOSIT', 'MANUELL', NULL, NULL, 920001, NULL, '2026-02-25 00:00:00.000'),

(910019, 900001, '2026-03-03 00:00:00.000', '2026-03-03 00:00:00.000', 'Gehalt März Demo GmbH', 3200.00, 'EUR',
 NULL, NULL, NULL, NULL, NULL, NULL, NULL, 'DEPOSIT', 'MANUELL', NULL, NULL, 920002, NULL, '2026-03-03 00:00:00.000'),
(910020, 900001, '2026-03-04 00:00:00.000', '2026-03-04 00:00:00.000', 'Miete März', -1200.00, 'EUR',
 'MREF-2026-03', 'DE98ZZZ00000000001', 'E2E-RENT-2026-03', 'MDT-RENT-1', NULL, 'Miete', 'BANK_TRANSFER_ONLINE',
 'REMOVAL', 'MANUELL', NULL, 930001, 920011, NULL, '2026-03-04 00:00:00.000'),
(910021, 900001, '2026-03-05 00:00:00.000', '2026-03-05 00:00:00.000', 'Supermarkt Wocheneinkauf', -92.35, 'EUR',
 NULL, NULL, NULL, NULL, NULL, NULL, NULL, 'REMOVAL', 'MANUELL', NULL, 930006, 920021, NULL, '2026-03-05 00:00:00.000'),
(910022, 900001, '2026-03-10 00:00:00.000', '2026-03-10 00:00:00.000', 'Stromabschlag März', -76.10, 'EUR',
 'MREF-ENERGY-03', 'DE98ZZZ00000000002', 'E2E-ENERGY-2026-03', 'MDT-ENERGY-1', NULL, 'Strom', 'BANK_TRANSFER_ONLINE',
 'REMOVAL', 'MANUELL', NULL, 930002, 920012, NULL, '2026-03-10 00:00:00.000'),
(910023, 900001, '2026-03-12 00:00:00.000', '2026-03-12 00:00:00.000', 'Umbuchung auf Sparkonto Urlaub', -200.00, 'EUR',
 NULL, NULL, NULL, NULL, NULL, NULL, NULL, 'REBOOKING_OUT', 'MANUELL', 900003, NULL, 920051, 910024, '2026-03-12 00:00:00.000'),
(910025, 900001, '2026-03-14 00:00:00.000', '2026-03-14 00:00:00.000', 'Umbuchung von Tagesgeld Reserve', 150.00, 'EUR',
 NULL, NULL, NULL, NULL, NULL, NULL, NULL, 'REBOOKING_IN', 'MANUELL', 900002, NULL, 920051, 910026, '2026-03-14 00:00:00.000'),
(910027, 900001, '2026-03-16 00:00:00.000', '2026-03-16 00:00:00.000', 'Ausgleich Kreditkartenkonto', -209.90, 'EUR',
 NULL, NULL, NULL, NULL, NULL, NULL, NULL, 'REBOOKING_OUT', 'MANUELL', 900004, NULL, 920001, 910028, '2026-03-16 00:00:00.000'),
(910029, 900001, '2026-03-18 00:00:00.000', '2026-03-18 00:00:00.000', 'Restaurantbesuch', -48.60, 'EUR',
 NULL, NULL, NULL, NULL, NULL, NULL, NULL, 'REMOVAL', 'MANUELL', NULL, NULL, 920040, NULL, '2026-03-18 00:00:00.000'),
(910034, 900001, '2026-03-20 00:00:00.000', '2026-03-20 00:00:00.000', 'Umbuchung auf Festgeld', -500.00, 'EUR',
 NULL, NULL, NULL, NULL, NULL, NULL, NULL, 'REBOOKING_OUT', 'MANUELL', 900005, NULL, 920052, 910035, '2026-03-20 00:00:00.000'),

(910037, 900001, '2026-04-02 00:00:00.000', '2026-04-02 00:00:00.000', 'Gehalt April Demo GmbH', 3200.00, 'EUR',
 NULL, NULL, NULL, NULL, NULL, NULL, NULL, 'DEPOSIT', 'MANUELL', NULL, NULL, 920002, NULL, '2026-04-02 00:00:00.000'),
(910038, 900001, '2026-04-03 00:00:00.000', '2026-04-03 00:00:00.000', 'Miete April', -1200.00, 'EUR',
 'MREF-2026-04', 'DE98ZZZ00000000001', 'E2E-RENT-2026-04', 'MDT-RENT-1', NULL, 'Miete', 'BANK_TRANSFER_ONLINE',
 'REMOVAL', 'MANUELL', NULL, 930001, 920011, NULL, '2026-04-03 00:00:00.000'),
(910039, 900001, '2026-04-05 00:00:00.000', '2026-04-05 00:00:00.000', 'Supermarkt Familieneinkauf', -88.70, 'EUR',
 NULL, NULL, NULL, NULL, NULL, NULL, NULL, 'REMOVAL', 'MANUELL', NULL, 930006, 920021, NULL, '2026-04-05 00:00:00.000'),
(910040, 900001, '2026-04-10 00:00:00.000', '2026-04-10 00:00:00.000', 'Stromabschlag April', -79.20, 'EUR',
 'MREF-ENERGY-04', 'DE98ZZZ00000000002', 'E2E-ENERGY-2026-04', 'MDT-ENERGY-1', NULL, 'Strom', 'BANK_TRANSFER_ONLINE',
 'REMOVAL', 'MANUELL', NULL, 930002, 920012, NULL, '2026-04-10 00:00:00.000'),
(910041, 900001, '2026-04-14 00:00:00.000', '2026-04-14 00:00:00.000', 'Internet April', -54.00, 'EUR',
 'MREF-NET-04', 'DE98ZZZ00000000003', 'E2E-NET-2026-04', 'MDT-NET-1', NULL, 'Internet', 'BANK_TRANSFER_ONLINE',
 'REMOVAL', 'MANUELL', NULL, 930003, 920013, NULL, '2026-04-14 00:00:00.000'),
(910042, 900001, '2026-04-18 00:00:00.000', '2026-04-18 00:00:00.000', 'Apotheke und Drogerie', -22.80, 'EUR',
 NULL, NULL, NULL, NULL, NULL, NULL, NULL, 'REMOVAL', 'MANUELL', NULL, 930007, 920022, NULL, '2026-04-18 00:00:00.000'),
(910043, 900001, '2026-04-22 00:00:00.000', '2026-04-22 00:00:00.000', 'Erstattung Haftpflicht', 48.00, 'EUR',
 NULL, NULL, NULL, NULL, NULL, NULL, NULL, 'DEPOSIT', 'MANUELL', NULL, NULL, 920001, NULL, '2026-04-22 00:00:00.000'),
(910044, 900001, '2026-04-25 00:00:00.000', '2026-04-25 00:00:00.000', 'Umbuchung auf Tagesgeld Reserve', -400.00, 'EUR',
 NULL, NULL, NULL, NULL, NULL, NULL, NULL, 'REBOOKING_OUT', 'MANUELL', 900002, NULL, 920051, 910045, '2026-04-25 00:00:00.000'),
(910046, 900001, '2026-04-28 00:00:00.000', '2026-04-28 00:00:00.000', 'Umbuchung auf Sparkonto Urlaub', -250.00, 'EUR',
 NULL, NULL, NULL, NULL, NULL, NULL, NULL, 'REBOOKING_OUT', 'MANUELL', 900003, NULL, 920051, 910047, '2026-04-28 00:00:00.000'),
(910048, 900001, '2026-04-30 00:00:00.000', '2026-04-30 00:00:00.000', 'Umbuchung von Tagesgeld Reserve', 100.00, 'EUR',
 NULL, NULL, NULL, NULL, NULL, NULL, NULL, 'REBOOKING_IN', 'MANUELL', 900002, NULL, 920051, 910049, '2026-04-30 00:00:00.000'),

(910050, 900001, '2026-05-04 00:00:00.000', '2026-05-04 00:00:00.000', 'Gehalt Mai Demo GmbH', 3200.00, 'EUR',
 NULL, NULL, NULL, NULL, NULL, NULL, NULL, 'DEPOSIT', 'MANUELL', NULL, NULL, 920002, NULL, '2026-05-04 00:00:00.000'),
(910051, 900001, '2026-05-05 00:00:00.000', '2026-05-05 00:00:00.000', 'Miete Mai', -1200.00, 'EUR',
 'MREF-2026-05', 'DE98ZZZ00000000001', 'E2E-RENT-2026-05', 'MDT-RENT-1', NULL, 'Miete', 'BANK_TRANSFER_ONLINE',
 'REMOVAL', 'MANUELL', NULL, 930001, 920011, NULL, '2026-05-05 00:00:00.000'),
(910052, 900001, '2026-05-08 00:00:00.000', '2026-05-08 00:00:00.000', 'Supermarkt Wochenendeinkauf', -95.10, 'EUR',
 NULL, NULL, NULL, NULL, NULL, NULL, NULL, 'REMOVAL', 'MANUELL', NULL, 930006, 920021, NULL, '2026-05-08 00:00:00.000'),
(910053, 900001, '2026-05-11 00:00:00.000', '2026-05-11 00:00:00.000', 'Stromabschlag Mai', -81.40, 'EUR',
 'MREF-ENERGY-05', 'DE98ZZZ00000000002', 'E2E-ENERGY-2026-05', 'MDT-ENERGY-1', NULL, 'Strom', 'BANK_TRANSFER_ONLINE',
 'REMOVAL', 'MANUELL', NULL, 930002, 920012, NULL, '2026-05-11 00:00:00.000'),
(910054, 900001, '2026-05-15 00:00:00.000', '2026-05-15 00:00:00.000', 'Internet Mai', -54.00, 'EUR',
 'MREF-NET-05', 'DE98ZZZ00000000003', 'E2E-NET-2026-05', 'MDT-NET-1', NULL, 'Internet', 'BANK_TRANSFER_ONLINE',
 'REMOVAL', 'MANUELL', NULL, 930003, 920013, NULL, '2026-05-15 00:00:00.000'),
(910055, 900001, '2026-05-18 00:00:00.000', '2026-05-18 00:00:00.000', 'Restaurant mit Freunden', -62.30, 'EUR',
 NULL, NULL, NULL, NULL, NULL, NULL, NULL, 'REMOVAL', 'MANUELL', NULL, NULL, 920040, NULL, '2026-05-18 00:00:00.000'),
(910056, 900001, '2026-05-20 00:00:00.000', '2026-05-20 00:00:00.000', 'Ausgleich Kreditkartenkonto', -180.00, 'EUR',
 NULL, NULL, NULL, NULL, NULL, NULL, NULL, 'REBOOKING_OUT', 'MANUELL', 900004, NULL, 920001, 910057, '2026-05-20 00:00:00.000'),
(910058, 900001, '2026-05-25 00:00:00.000', '2026-05-25 00:00:00.000', 'Umbuchung auf Festgeld', -700.00, 'EUR',
 NULL, NULL, NULL, NULL, NULL, NULL, NULL, 'REBOOKING_OUT', 'MANUELL', 900005, NULL, 920052, 910059, '2026-05-25 00:00:00.000'),
(910060, 900001, '2026-05-27 00:00:00.000', '2026-05-27 00:00:00.000', 'Geschenk von Familie', 120.00, 'EUR',
 NULL, NULL, NULL, NULL, NULL, NULL, NULL, 'DEPOSIT', 'MANUELL', NULL, NULL, 920001, NULL, '2026-05-27 00:00:00.000');

-- ---------------------------------------------------------
-- Tagesgeld Reserve (900002)
-- Endsaldo: 837.45
-- ---------------------------------------------------------
INSERT INTO booking (
    id, account_id, dateBooking, dateValue, purpose, amount, currency,
    sepaCustomerRef, sepaCreditorId, sepaEndToEnd, sepaMandate, sepaPersonId,
    sepaPurpose, sepaTyp, bookingType, bookingSource, crossAccount_id,
    recipient_id, category_id, crossBooking_id, updatedAt
) VALUES
(910006, 900002, '2026-02-15 00:00:00.000', '2026-02-15 00:00:00.000', 'Umbuchung von Giro Privat', 500.00, 'EUR',
 NULL, NULL, NULL, NULL, NULL, NULL, NULL, 'REBOOKING_IN', 'MANUELL', 900001, NULL, 920051, 910005, '2026-02-15 00:00:00.000'),
(910010, 900002, '2026-02-28 00:00:00.000', '2026-02-28 00:00:00.000', 'Zinsgutschrift Februar', 2.15, 'EUR',
 NULL, NULL, NULL, NULL, NULL, NULL, NULL, 'INTEREST', 'MANUELL', NULL, NULL, 920003, NULL, '2026-02-28 00:00:00.000'),
(910026, 900002, '2026-03-14 00:00:00.000', '2026-03-14 00:00:00.000', 'Umbuchung auf Giro Privat', -150.00, 'EUR',
 NULL, NULL, NULL, NULL, NULL, NULL, NULL, 'REBOOKING_OUT', 'MANUELL', 900001, NULL, 920051, 910025, '2026-03-14 00:00:00.000'),
(910030, 900002, '2026-03-31 00:00:00.000', '2026-03-31 00:00:00.000', 'Zinsgutschrift März', 1.95, 'EUR',
 NULL, NULL, NULL, NULL, NULL, NULL, NULL, 'INTEREST', 'MANUELL', NULL, NULL, 920003, NULL, '2026-03-31 00:00:00.000'),
(910045, 900002, '2026-04-25 00:00:00.000', '2026-04-25 00:00:00.000', 'Umbuchung von Giro Privat', 400.00, 'EUR',
 NULL, NULL, NULL, NULL, NULL, NULL, NULL, 'REBOOKING_IN', 'MANUELL', 900001, NULL, 920051, 910044, '2026-04-25 00:00:00.000'),
(910049, 900002, '2026-04-30 00:00:00.000', '2026-04-30 00:00:00.000', 'Umbuchung auf Giro Privat', -100.00, 'EUR',
 NULL, NULL, NULL, NULL, NULL, NULL, NULL, 'REBOOKING_OUT', 'MANUELL', 900001, NULL, 920051, 910048, '2026-04-30 00:00:00.000'),
(910061, 900002, '2026-04-30 00:00:00.000', '2026-04-30 00:00:00.000', 'Zinsgutschrift April', 1.75, 'EUR',
 NULL, NULL, NULL, NULL, NULL, NULL, NULL, 'INTEREST', 'MANUELL', NULL, NULL, 920003, NULL, '2026-04-30 00:00:00.000'),
(910062, 900002, '2026-05-10 00:00:00.000', '2026-05-10 00:00:00.000', 'Umbuchung von Urlaubskonto', 180.00, 'EUR',
 NULL, NULL, NULL, NULL, NULL, NULL, NULL, 'REBOOKING_IN', 'MANUELL', 900003, NULL, 920051, 910063, '2026-05-10 00:00:00.000'),
(910064, 900002, '2026-05-31 00:00:00.000', '2026-05-31 00:00:00.000', 'Zinsgutschrift Mai', 1.60, 'EUR',
 NULL, NULL, NULL, NULL, NULL, NULL, NULL, 'INTEREST', 'MANUELL', NULL, NULL, 920003, NULL, '2026-05-31 00:00:00.000');

-- ---------------------------------------------------------
-- Sparkonto Urlaub (900003)
-- Endsaldo: 573.50
-- ---------------------------------------------------------
INSERT INTO booking (
    id, account_id, dateBooking, dateValue, purpose, amount, currency,
    sepaCustomerRef, sepaCreditorId, sepaEndToEnd, sepaMandate, sepaPersonId,
    sepaPurpose, sepaTyp, bookingType, bookingSource, crossAccount_id,
    recipient_id, category_id, crossBooking_id, updatedAt
) VALUES
(910011, 900003, '2026-01-31 00:00:00.000', '2026-01-31 00:00:00.000', 'Monatliche Sparrate Januar', 150.00, 'EUR',
 NULL, NULL, NULL, NULL, NULL, NULL, NULL, 'DEPOSIT', 'MANUELL', NULL, NULL, 920051, NULL, '2026-01-31 00:00:00.000'),
(910012, 900003, '2026-02-28 00:00:00.000', '2026-02-28 00:00:00.000', 'Zinsgutschrift Februar', 0.80, 'EUR',
 NULL, NULL, NULL, NULL, NULL, NULL, NULL, 'INTEREST', 'MANUELL', NULL, NULL, 920003, NULL, '2026-02-28 00:00:00.000'),
(910013, 900003, '2026-03-01 00:00:00.000', '2026-03-01 00:00:00.000', 'Monatliche Sparrate Februar', 150.00, 'EUR',
 NULL, NULL, NULL, NULL, NULL, NULL, NULL, 'DEPOSIT', 'MANUELL', NULL, NULL, 920051, NULL, '2026-03-01 00:00:00.000'),
(910024, 900003, '2026-03-12 00:00:00.000', '2026-03-12 00:00:00.000', 'Umbuchung von Giro Privat', 200.00, 'EUR',
 NULL, NULL, NULL, NULL, NULL, NULL, NULL, 'REBOOKING_IN', 'MANUELL', 900001, NULL, 920051, 910023, '2026-03-12 00:00:00.000'),
(910031, 900003, '2026-03-31 00:00:00.000', '2026-03-31 00:00:00.000', 'Zinsgutschrift März', 0.85, 'EUR',
 NULL, NULL, NULL, NULL, NULL, NULL, NULL, 'INTEREST', 'MANUELL', NULL, NULL, 920003, NULL, '2026-03-31 00:00:00.000'),
(910047, 900003, '2026-04-28 00:00:00.000', '2026-04-28 00:00:00.000', 'Umbuchung von Giro Privat', 250.00, 'EUR',
 NULL, NULL, NULL, NULL, NULL, NULL, NULL, 'REBOOKING_IN', 'MANUELL', 900001, NULL, 920051, 910046, '2026-04-28 00:00:00.000'),
(910065, 900003, '2026-04-30 00:00:00.000', '2026-04-30 00:00:00.000', 'Zinsgutschrift April', 0.90, 'EUR',
 NULL, NULL, NULL, NULL, NULL, NULL, NULL, 'INTEREST', 'MANUELL', NULL, NULL, 920003, NULL, '2026-04-30 00:00:00.000'),
(910063, 900003, '2026-05-10 00:00:00.000', '2026-05-10 00:00:00.000', 'Umbuchung auf Tagesgeld Reserve', -180.00, 'EUR',
 NULL, NULL, NULL, NULL, NULL, NULL, NULL, 'REBOOKING_OUT', 'MANUELL', 900002, NULL, 920051, 910062, '2026-05-10 00:00:00.000'),
(910066, 900003, '2026-05-31 00:00:00.000', '2026-05-31 00:00:00.000', 'Zinsgutschrift Mai', 0.95, 'EUR',
 NULL, NULL, NULL, NULL, NULL, NULL, NULL, 'INTEREST', 'MANUELL', NULL, NULL, 920003, NULL, '2026-05-31 00:00:00.000');

-- ---------------------------------------------------------
-- Kreditkarte Visa (900004)
-- Endsaldo: 138.91
-- ---------------------------------------------------------
INSERT INTO booking (
    id, account_id, dateBooking, dateValue, purpose, amount, currency,
    sepaCustomerRef, sepaCreditorId, sepaEndToEnd, sepaMandate, sepaPersonId,
    sepaPurpose, sepaTyp, bookingType, bookingSource, crossAccount_id,
    recipient_id, category_id, crossBooking_id, updatedAt
) VALUES
(910014, 900004, '2026-02-08 00:00:00.000', '2026-02-08 00:00:00.000', 'Hotelbuchung Berlin', -420.00, 'EUR',
 NULL, NULL, NULL, NULL, NULL, NULL, NULL, 'REMOVAL', 'MANUELL', NULL, 930005, 920041, NULL, '2026-02-08 00:00:00.000'),
(910015, 900004, '2026-02-12 00:00:00.000', '2026-02-12 00:00:00.000', 'Bahnfahrt Hamburg', -89.90, 'EUR',
 NULL, NULL, NULL, NULL, NULL, NULL, NULL, 'REMOVAL', 'MANUELL', NULL, 930004, 920031, NULL, '2026-02-12 00:00:00.000'),
(910016, 900004, '2026-02-20 00:00:00.000', '2026-02-20 00:00:00.000', 'Teilrueckzahlung Kreditkarte', 300.00, 'EUR',
 NULL, NULL, NULL, NULL, NULL, NULL, NULL, 'DEPOSIT', 'MANUELL', NULL, NULL, 920001, NULL, '2026-02-20 00:00:00.000'),
(910028, 900004, '2026-03-16 00:00:00.000', '2026-03-16 00:00:00.000', 'Ausgleich durch Giro Privat', 209.90, 'EUR',
 NULL, NULL, NULL, NULL, NULL, NULL, NULL, 'REBOOKING_IN', 'MANUELL', 900001, NULL, 920001, 910027, '2026-03-16 00:00:00.000'),
(910032, 900004, '2026-03-22 00:00:00.000', '2026-03-22 00:00:00.000', 'Tankstelle', -64.20, 'EUR',
 NULL, NULL, NULL, NULL, NULL, NULL, NULL, 'REMOVAL', 'MANUELL', NULL, NULL, 920030, NULL, '2026-03-22 00:00:00.000'),
(910033, 900004, '2026-03-25 00:00:00.000', '2026-03-25 00:00:00.000', 'Online-Shop Elektronik', -39.99, 'EUR',
 NULL, NULL, NULL, NULL, NULL, NULL, NULL, 'REMOVAL', 'MANUELL', NULL, NULL, 920040, NULL, '2026-03-25 00:00:00.000'),
(910067, 900004, '2026-04-12 00:00:00.000', '2026-04-12 00:00:00.000', 'Tankstelle', -72.40, 'EUR',
 NULL, NULL, NULL, NULL, NULL, NULL, NULL, 'REMOVAL', 'MANUELL', NULL, NULL, 920030, NULL, '2026-04-12 00:00:00.000'),
(910068, 900004, '2026-04-19 00:00:00.000', '2026-04-19 00:00:00.000', 'Online-Shop Haushalt', -45.60, 'EUR',
 NULL, NULL, NULL, NULL, NULL, NULL, NULL, 'REMOVAL', 'MANUELL', NULL, NULL, 920020, NULL, '2026-04-19 00:00:00.000'),
(910057, 900004, '2026-05-20 00:00:00.000', '2026-05-20 00:00:00.000', 'Ausgleich durch Giro Privat', 180.00, 'EUR',
 NULL, NULL, NULL, NULL, NULL, NULL, NULL, 'REBOOKING_IN', 'MANUELL', 900001, NULL, 920001, 910056, '2026-05-20 00:00:00.000'),
(910069, 900004, '2026-05-09 00:00:00.000', '2026-05-09 00:00:00.000', 'Rückerstattung Retoure', 220.00, 'EUR',
 NULL, NULL, NULL, NULL, NULL, NULL, NULL, 'DEPOSIT', 'MANUELL', NULL, NULL, 920001, NULL, '2026-05-09 00:00:00.000'),
(910070, 900004, '2026-05-28 00:00:00.000', '2026-05-28 00:00:00.000', 'Streaming-Abo Jahreszahlung', -38.90, 'EUR',
 NULL, NULL, NULL, NULL, NULL, NULL, NULL, 'REMOVAL', 'MANUELL', NULL, NULL, 920040, NULL, '2026-05-28 00:00:00.000');

-- ---------------------------------------------------------
-- Festgeld 12 Monate (900005)
-- Endsaldo: 6308.00
-- ---------------------------------------------------------
INSERT INTO booking (
    id, account_id, dateBooking, dateValue, purpose, amount, currency,
    sepaCustomerRef, sepaCreditorId, sepaEndToEnd, sepaMandate, sepaPersonId,
    sepaPurpose, sepaTyp, bookingType, bookingSource, crossAccount_id,
    recipient_id, category_id, crossBooking_id, updatedAt
) VALUES
(910017, 900005, '2026-01-02 00:00:00.000', '2026-01-02 00:00:00.000', 'Anlage Festgeld 12 Monate', 5000.00, 'EUR',
 NULL, NULL, NULL, NULL, NULL, NULL, NULL, 'DEPOSIT', 'MANUELL', NULL, NULL, 920052, NULL, '2026-01-02 00:00:00.000'),
(910018, 900005, '2026-02-28 00:00:00.000', '2026-02-28 00:00:00.000', 'Zinsgutschrift Februar', 25.00, 'EUR',
 NULL, NULL, NULL, NULL, NULL, NULL, NULL, 'INTEREST', 'MANUELL', NULL, NULL, 920003, NULL, '2026-02-28 00:00:00.000'),
(910035, 900005, '2026-03-20 00:00:00.000', '2026-03-20 00:00:00.000', 'Umbuchung von Giro Privat', 500.00, 'EUR',
 NULL, NULL, NULL, NULL, NULL, NULL, NULL, 'REBOOKING_IN', 'MANUELL', 900001, NULL, 920052, 910034, '2026-03-20 00:00:00.000'),
(910036, 900005, '2026-03-31 00:00:00.000', '2026-03-31 00:00:00.000', 'Zinsgutschrift März', 26.00, 'EUR',
 NULL, NULL, NULL, NULL, NULL, NULL, NULL, 'INTEREST', 'MANUELL', NULL, NULL, 920003, NULL, '2026-03-31 00:00:00.000'),
(910071, 900005, '2026-04-30 00:00:00.000', '2026-04-30 00:00:00.000', 'Zinsgutschrift April', 28.00, 'EUR',
 NULL, NULL, NULL, NULL, NULL, NULL, NULL, 'INTEREST', 'MANUELL', NULL, NULL, 920003, NULL, '2026-04-30 00:00:00.000'),
(910059, 900005, '2026-05-25 00:00:00.000', '2026-05-25 00:00:00.000', 'Umbuchung von Giro Privat', 700.00, 'EUR',
 NULL, NULL, NULL, NULL, NULL, NULL, NULL, 'REBOOKING_IN', 'MANUELL', 900001, NULL, 920052, 910058, '2026-05-25 00:00:00.000'),
(910072, 900005, '2026-05-31 00:00:00.000', '2026-05-31 00:00:00.000', 'Zinsgutschrift Mai', 29.00, 'EUR',
 NULL, NULL, NULL, NULL, NULL, NULL, NULL, 'INTEREST', 'MANUELL', NULL, NULL, 920003, NULL, '2026-05-31 00:00:00.000');

-- ---------------------------------------------------------
-- Bausparen Zukunft (900006)
-- Endsaldo: 650.50
-- ---------------------------------------------------------
INSERT INTO booking (
    id, account_id, dateBooking, dateValue, purpose, amount, currency,
    sepaCustomerRef, sepaCreditorId, sepaEndToEnd, sepaMandate, sepaPersonId,
    sepaPurpose, sepaTyp, bookingType, bookingSource, crossAccount_id,
    recipient_id, category_id, crossBooking_id, updatedAt
) VALUES
(910073, 900006, '2026-03-05 00:00:00.000', '2026-03-05 00:00:00.000', 'Bausparrate März', 200.00, 'EUR',
 NULL, NULL, NULL, NULL, NULL, NULL, NULL, 'DEPOSIT', 'MANUELL', NULL, 930008, 920053, NULL, '2026-03-05 00:00:00.000'),
(910074, 900006, '2026-04-05 00:00:00.000', '2026-04-05 00:00:00.000', 'Bausparrate April', 200.00, 'EUR',
 NULL, NULL, NULL, NULL, NULL, NULL, NULL, 'DEPOSIT', 'MANUELL', NULL, 930008, 920053, NULL, '2026-04-05 00:00:00.000'),
(910075, 900006, '2026-05-05 00:00:00.000', '2026-05-05 00:00:00.000', 'Bausparrate Mai', 200.00, 'EUR',
 NULL, NULL, NULL, NULL, NULL, NULL, NULL, 'DEPOSIT', 'MANUELL', NULL, 930008, 920053, NULL, '2026-05-05 00:00:00.000'),
(910076, 900006, '2026-05-31 00:00:00.000', '2026-05-31 00:00:00.000', 'Bonusgutschrift Bausparen', 50.00, 'EUR',
 NULL, NULL, NULL, NULL, NULL, NULL, NULL, 'DEPOSIT', 'MANUELL', NULL, 930008, 920053, NULL, '2026-05-31 00:00:00.000'),
(910077, 900006, '2026-05-31 00:00:00.000', '2026-05-31 00:00:00.000', 'Zinsgutschrift Mai', 0.50, 'EUR',
 NULL, NULL, NULL, NULL, NULL, NULL, NULL, 'INTEREST', 'MANUELL', NULL, NULL, 920003, NULL, '2026-05-31 00:00:00.000');

-- ---------------------------------------------------------
-- Sparbuch Notgroschen (900007)
-- Endsaldo: 853.75
-- ---------------------------------------------------------
INSERT INTO booking (
    id, account_id, dateBooking, dateValue, purpose, amount, currency,
    sepaCustomerRef, sepaCreditorId, sepaEndToEnd, sepaMandate, sepaPersonId,
    sepaPurpose, sepaTyp, bookingType, bookingSource, crossAccount_id,
    recipient_id, category_id, crossBooking_id, updatedAt
) VALUES
(910078, 900007, '2026-02-01 00:00:00.000', '2026-02-01 00:00:00.000', 'Einzahlung Notgroschen', 1000.00, 'EUR',
 NULL, NULL, NULL, NULL, NULL, NULL, NULL, 'DEPOSIT', 'MANUELL', NULL, NULL, 920054, NULL, '2026-02-01 00:00:00.000'),
(910079, 900007, '2026-03-15 00:00:00.000', '2026-03-15 00:00:00.000', 'Entnahme für Haushaltsgeraet', -150.00, 'EUR',
 NULL, NULL, NULL, NULL, NULL, NULL, NULL, 'REMOVAL', 'MANUELL', NULL, NULL, 920054, NULL, '2026-03-15 00:00:00.000'),
(910080, 900007, '2026-04-30 00:00:00.000', '2026-04-30 00:00:00.000', 'Zinsgutschrift April', 1.50, 'EUR',
 NULL, NULL, NULL, NULL, NULL, NULL, NULL, 'INTEREST', 'MANUELL', NULL, NULL, 920003, NULL, '2026-04-30 00:00:00.000'),
(910081, 900007, '2026-05-20 00:00:00.000', '2026-05-20 00:00:00.000', 'Zusatz-Einzahlung Notgroschen', 2.00, 'EUR',
 NULL, NULL, NULL, NULL, NULL, NULL, NULL, 'DEPOSIT', 'MANUELL', NULL, NULL, 920054, NULL, '2026-05-20 00:00:00.000'),
(910082, 900007, '2026-05-31 00:00:00.000', '2026-05-31 00:00:00.000', 'Zinsgutschrift Mai', 0.25, 'EUR',
 NULL, NULL, NULL, NULL, NULL, NULL, NULL, 'INTEREST', 'MANUELL', NULL, NULL, 920003, NULL, '2026-05-31 00:00:00.000');

-- =========================================================
-- Manuelle Kategoriezuordnungen
-- =========================================================
INSERT INTO booking_category (
    id, booking_id, category_id, categoryRuleMode, updatedAt
) VALUES
(950001, 910001, 920002, 2, '2026-05-31 00:00:00.000'),
(950002, 910002, 920011, 2, '2026-05-31 00:00:00.000'),
(950003, 910003, 920021, 2, '2026-05-31 00:00:00.000'),
(950004, 910004, 920012, 2, '2026-05-31 00:00:00.000'),
(950005, 910005, 920051, 2, '2026-05-31 00:00:00.000'),
(950006, 910006, 920051, 2, '2026-05-31 00:00:00.000'),
(950007, 910007, 920013, 2, '2026-05-31 00:00:00.000'),
(950008, 910008, 920022, 2, '2026-05-31 00:00:00.000'),
(950009, 910009, 920001, 2, '2026-05-31 00:00:00.000'),
(950010, 910010, 920003, 2, '2026-05-31 00:00:00.000'),
(950011, 910011, 920051, 2, '2026-05-31 00:00:00.000'),
(950012, 910012, 920003, 2, '2026-05-31 00:00:00.000'),
(950013, 910013, 920051, 2, '2026-05-31 00:00:00.000'),
(950014, 910014, 920041, 2, '2026-05-31 00:00:00.000'),
(950015, 910015, 920031, 2, '2026-05-31 00:00:00.000'),
(950016, 910016, 920001, 2, '2026-05-31 00:00:00.000'),
(950017, 910017, 920052, 2, '2026-05-31 00:00:00.000'),
(950018, 910018, 920003, 2, '2026-05-31 00:00:00.000'),
(950019, 910019, 920002, 2, '2026-05-31 00:00:00.000'),
(950020, 910020, 920011, 2, '2026-05-31 00:00:00.000'),
(950021, 910021, 920021, 2, '2026-05-31 00:00:00.000'),
(950022, 910022, 920012, 2, '2026-05-31 00:00:00.000'),
(950023, 910023, 920051, 2, '2026-05-31 00:00:00.000'),
(950024, 910024, 920051, 2, '2026-05-31 00:00:00.000'),
(950025, 910025, 920051, 2, '2026-05-31 00:00:00.000'),
(950026, 910026, 920051, 2, '2026-05-31 00:00:00.000'),
(950027, 910027, 920001, 2, '2026-05-31 00:00:00.000'),
(950028, 910028, 920001, 2, '2026-05-31 00:00:00.000'),
(950029, 910029, 920040, 2, '2026-05-31 00:00:00.000'),
(950030, 910030, 920003, 2, '2026-05-31 00:00:00.000'),
(950031, 910031, 920003, 2, '2026-05-31 00:00:00.000'),
(950032, 910032, 920030, 2, '2026-05-31 00:00:00.000'),
(950033, 910033, 920040, 2, '2026-05-31 00:00:00.000'),
(950034, 910034, 920052, 2, '2026-05-31 00:00:00.000'),
(950035, 910035, 920052, 2, '2026-05-31 00:00:00.000'),
(950036, 910036, 920003, 2, '2026-05-31 00:00:00.000'),
(950037, 910037, 920002, 2, '2026-05-31 00:00:00.000'),
(950038, 910038, 920011, 2, '2026-05-31 00:00:00.000'),
(950039, 910039, 920021, 2, '2026-05-31 00:00:00.000'),
(950040, 910040, 920012, 2, '2026-05-31 00:00:00.000'),
(950041, 910041, 920013, 2, '2026-05-31 00:00:00.000'),
(950042, 910042, 920022, 2, '2026-05-31 00:00:00.000'),
(950043, 910043, 920001, 2, '2026-05-31 00:00:00.000'),
(950044, 910044, 920051, 2, '2026-05-31 00:00:00.000'),
(950045, 910045, 920051, 2, '2026-05-31 00:00:00.000'),
(950046, 910046, 920051, 2, '2026-05-31 00:00:00.000'),
(950047, 910047, 920051, 2, '2026-05-31 00:00:00.000'),
(950048, 910048, 920051, 2, '2026-05-31 00:00:00.000'),
(950049, 910049, 920051, 2, '2026-05-31 00:00:00.000'),
(950050, 910050, 920002, 2, '2026-05-31 00:00:00.000'),
(950051, 910051, 920011, 2, '2026-05-31 00:00:00.000'),
(950052, 910052, 920021, 2, '2026-05-31 00:00:00.000'),
(950053, 910053, 920012, 2, '2026-05-31 00:00:00.000'),
(950054, 910054, 920013, 2, '2026-05-31 00:00:00.000'),
(950055, 910055, 920040, 2, '2026-05-31 00:00:00.000'),
(950056, 910056, 920001, 2, '2026-05-31 00:00:00.000'),
(950057, 910057, 920001, 2, '2026-05-31 00:00:00.000'),
(950058, 910058, 920052, 2, '2026-05-31 00:00:00.000'),
(950059, 910059, 920052, 2, '2026-05-31 00:00:00.000'),
(950060, 910061, 920003, 2, '2026-05-31 00:00:00.000'),
(950061, 910062, 920051, 2, '2026-05-31 00:00:00.000'),
(950062, 910063, 920051, 2, '2026-05-31 00:00:00.000'),
(950063, 910064, 920003, 2, '2026-05-31 00:00:00.000'),
(950064, 910065, 920003, 2, '2026-05-31 00:00:00.000'),
(950065, 910066, 920003, 2, '2026-05-31 00:00:00.000'),
(950066, 910067, 920030, 2, '2026-05-31 00:00:00.000'),
(950067, 910068, 920020, 2, '2026-05-31 00:00:00.000'),
(950068, 910069, 920001, 2, '2026-05-31 00:00:00.000'),
(950069, 910070, 920040, 2, '2026-05-31 00:00:00.000'),
(950070, 910071, 920003, 2, '2026-05-31 00:00:00.000'),
(950071, 910072, 920003, 2, '2026-05-31 00:00:00.000'),
(950072, 910073, 920053, 2, '2026-05-31 00:00:00.000'),
(950073, 910074, 920053, 2, '2026-05-31 00:00:00.000'),
(950074, 910075, 920053, 2, '2026-05-31 00:00:00.000'),
(950075, 910076, 920053, 2, '2026-05-31 00:00:00.000'),
(950076, 910077, 920003, 2, '2026-05-31 00:00:00.000'),
(950077, 910078, 920054, 2, '2026-05-31 00:00:00.000'),
(950078, 910079, 920054, 2, '2026-05-31 00:00:00.000'),
(950079, 910080, 920003, 2, '2026-05-31 00:00:00.000'),
(950080, 910081, 920054, 2, '2026-05-31 00:00:00.000'),
(950081, 910082, 920003, 2, '2026-05-31 00:00:00.000');

-- =========================================================
-- Zahlungsaufträge
-- =========================================================
INSERT INTO moneytransfer (
    id, account_id, moneytransferType, recipient_id, purpose, amount,
    executionDate, moneytransferStatus, standingorderMode, historyorder_id, updatedAt
) VALUES
(
    940001, 900001, 'SCHEDULED_TRANSFER', 930005,
    'Anzahlung Sommerurlaub', 350.00,
    '2026-04-15 00:00:00.000', 'NEW', NULL, NULL, '2026-05-31 00:00:00.000'
),
(
    940002, 900001, 'STANDING_ORDER', 930003,
    'Internet monatlich', 54.00,
    '2026-04-01 00:00:00.000', 'SENT', 'MONTHLY', NULL, '2026-05-31 00:00:00.000'
),
(
    940003, 900001, 'STANDING_ORDER', 930008,
    'Bausparrate monatlich', 200.00,
    '2026-03-05 00:00:00.000', 'SENT', 'MONTHLY', NULL, '2026-05-31 00:00:00.000'
);


DELETE FROM bankAccess_parameterData WHERE bankAccess_id = 900000 OR id BETWEEN 1 AND 2000;
DELETE FROM bankAccount_businessCase WHERE account_id = 900001 OR id BETWEEN 1 AND 2000;
DELETE FROM parameterData WHERE id BETWEEN 1 AND 2000;
DELETE FROM businessCase WHERE id BETWEEN 1 AND 2000;


INSERT INTO parameterData (
    id, pdKey, pdType, updatedAt
) VALUES

(1, '_hbciversion', 'UPD', '2026-03-18 16:52:51.310'),
(2, 'KInfo.AllowedGV_3.code', 'UPD', '2026-03-18 16:52:51.311'),
(3, 'KInfo.AllowedGV_18.code', 'UPD', '2026-03-18 16:52:51.311'),
(4, 'KInfo.AllowedGV_3.reqSigs', 'UPD', '2026-03-18 16:52:51.312'),
(5, 'UPA.SegHead.code', 'UPD', '2026-03-18 16:52:51.312'),
(6, 'KInfo.AllowedGV_20.reqSigs', 'UPD', '2026-03-18 16:52:51.313'),
(7, 'UPA.usage', 'UPD', '2026-03-18 16:52:51.314'),
(8, 'KInfo.AllowedGV_24.reqSigs', 'UPD', '2026-03-18 16:52:51.314'),
(9, 'KInfo.AllowedGV_12.code', 'UPD', '2026-03-18 16:52:51.315'),
(10, 'KInfo.konto', 'UPD', '2026-03-18 16:52:51.315'),
(11, 'KInfo.AllowedGV_18.reqSigs', 'UPD', '2026-03-18 16:52:51.316'),
(12, 'KInfo.AllowedGV_7.reqSigs', 'UPD', '2026-03-18 16:52:51.318'),
(13, 'KInfo.iban', 'UPD', '2026-03-18 16:52:51.319'),
(14, 'KInfo.AllowedGV_26.code', 'UPD', '2026-03-18 16:52:51.320'),
(15, 'KInfo.AllowedGV_4.code', 'UPD', '2026-03-18 16:52:51.321'),
(16, 'KInfo.cur', 'UPD', '2026-03-18 16:52:51.321'),
(17, 'KInfo.AllowedGV_5.reqSigs', 'UPD', '2026-03-18 16:52:51.323'),
(18, 'KInfo.AllowedGV_22.reqSigs', 'UPD', '2026-03-18 16:52:51.323'),
(19, 'KInfo.AllowedGV_11.code', 'UPD', '2026-03-18 16:52:51.324'),
(20, 'KInfo.AllowedGV_14.reqSigs', 'UPD', '2026-03-18 16:52:51.324'),
(21, 'KInfo.SegHead.ref', 'UPD', '2026-03-18 16:52:51.325'),
(22, 'KInfo.KTV.KIK.country', 'UPD', '2026-03-18 16:52:51.325'),
(23, 'KInfo.AllowedGV_10.reqSigs', 'UPD', '2026-03-18 16:52:51.326'),
(24, 'KInfo.AllowedGV_8.reqSigs', 'UPD', '2026-03-18 16:52:51.327'),
(25, 'KInfo.AllowedGV_16.reqSigs', 'UPD', '2026-03-18 16:52:51.327'),
(26, 'KInfo.AllowedGV_8.code', 'UPD', '2026-03-18 16:52:51.328'),
(27, 'KInfo.AllowedGV_16.code', 'UPD', '2026-03-18 16:52:51.328'),
(28, 'UPA.SegHead.version', 'UPD', '2026-03-18 16:52:51.329'),
(29, 'KInfo.SegHead.code', 'UPD', '2026-03-18 16:52:51.329'),
(30, 'KInfo.AllowedGV_10.code', 'UPD', '2026-03-18 16:52:51.329'),
(31, 'KInfo.AllowedGV_5.code', 'UPD', '2026-03-18 16:52:51.331'),
(32, 'KInfo.AllowedGV_2.code', 'UPD', '2026-03-18 16:52:51.331'),
(33, 'KInfo.AllowedGV.reqSigs', 'UPD', '2026-03-18 16:52:51.332'),
(34, 'KInfo.AllowedGV_13.code', 'UPD', '2026-03-18 16:52:51.333'),
(35, 'KInfo.AllowedGV_26.reqSigs', 'UPD', '2026-03-18 16:52:51.333'),
(36, 'KInfo.AllowedGV_21.code', 'UPD', '2026-03-18 16:52:51.334'),
(37, 'KInfo.AllowedGV_12.reqSigs', 'UPD', '2026-03-18 16:52:51.334'),
(38, 'KInfo.AllowedGV_24.code', 'UPD', '2026-03-18 16:52:51.335'),
(39, 'UPA.SegHead.ref', 'UPD', '2026-03-18 16:52:51.335'),
(40, 'KInfo.AllowedGV_27.code', 'UPD', '2026-03-18 16:52:51.336'),
(41, 'KInfo.AllowedGV_19.code', 'UPD', '2026-03-18 16:52:51.336'),
(42, 'KInfo.AllowedGV_21.reqSigs', 'UPD', '2026-03-18 16:52:51.337'),
(43, 'KInfo.customerid', 'UPD', '2026-03-18 16:52:51.337'),
(44, 'KInfo.AllowedGV_6.code', 'UPD', '2026-03-18 16:52:51.338'),
(45, 'KInfo.AllowedGV_23.reqSigs', 'UPD', '2026-03-18 16:52:51.338'),
(46, 'KInfo.AllowedGV_23.code', 'UPD', '2026-03-18 16:52:51.339'),
(47, 'KInfo.AllowedGV_2.reqSigs', 'UPD', '2026-03-18 16:52:51.339'),
(48, 'KInfo.AllowedGV_15.code', 'UPD', '2026-03-18 16:52:51.339'),
(49, 'KInfo.AllowedGV_6.reqSigs', 'UPD', '2026-03-18 16:52:51.341'),
(50, 'KInfo.AllowedGV_4.reqSigs', 'UPD', '2026-03-18 16:52:51.342'),
(51, 'KInfo.AllowedGV_7.code', 'UPD', '2026-03-18 16:52:51.342'),
(52, 'UPA.version', 'UPD', '2026-03-18 16:52:51.343'),
(53, 'KInfo.AllowedGV_19.reqSigs', 'UPD', '2026-03-18 16:52:51.343'),
(54, 'KInfo.AllowedGV.code', 'UPD', '2026-03-18 16:52:51.344'),
(55, 'KInfo.AllowedGV_25.code', 'UPD', '2026-03-18 16:52:51.344'),
(56, 'KInfo.AllowedGV_22.code', 'UPD', '2026-03-18 16:52:51.345'),
(57, 'KInfo.AllowedGV_14.code', 'UPD', '2026-03-18 16:52:51.346'),
(58, 'KInfo.AllowedGV_15.reqSigs', 'UPD', '2026-03-18 16:52:51.346'),
(59, 'KInfo.AllowedGV_17.code', 'UPD', '2026-03-18 16:52:51.347'),
(60, 'KInfo.AllowedGV_9.reqSigs', 'UPD', '2026-03-18 16:52:51.347'),
(61, 'KInfo.accountdata', 'UPD', '2026-03-18 16:52:51.348'),
(62, 'KInfo.AllowedGV_11.reqSigs', 'UPD', '2026-03-18 16:52:51.348'),
(63, 'KInfo.AllowedGV_17.reqSigs', 'UPD', '2026-03-18 16:52:51.349'),
(64, 'KInfo.acctype', 'UPD', '2026-03-18 16:52:51.350'),
(65, 'KInfo.name1', 'UPD', '2026-03-18 16:52:51.350'),
(66, 'KInfo.AllowedGV_25.reqSigs', 'UPD', '2026-03-18 16:52:51.351'),
(67, 'KInfo.AllowedGV_20.code', 'UPD', '2026-03-18 16:52:51.351'),
(68, 'UPA.userid', 'UPD', '2026-03-18 16:52:51.352'),
(69, 'UPA.SegHead.seq', 'UPD', '2026-03-18 16:52:51.352'),
(70, 'KInfo.SegHead.version', 'UPD', '2026-03-18 16:52:51.353'),
(71, 'KInfo.AllowedGV_9.code', 'UPD', '2026-03-18 16:52:51.353'),
(72, 'KInfo.AllowedGV_13.reqSigs', 'UPD', '2026-03-18 16:52:51.354'),
(73, 'KInfo.SegHead.seq', 'UPD', '2026-03-18 16:52:51.354'),
(74, 'KInfo.KTV.number', 'UPD', '2026-03-18 16:52:51.355'),
(75, 'KInfo.AllowedGV_27.reqSigs', 'UPD', '2026-03-18 16:52:51.356'),
(76, 'KInfo.KTV.KIK.blz', 'UPD', '2026-03-18 16:52:51.356'),
(80, 'Params_50.Template2DPar.SegHead.code', 'BPD', '2026-03-18 17:05:40.435'),
(81, 'Params_65.TAN2StepPar7.ParTAN2Step.TAN2StepParams.needorderaccount', 'BPD', '2026-03-18 17:05:40.435'),
(82, 'Params_24.Template2Par.SegHead.ref', 'BPD', '2026-03-18 17:05:40.435'),
(83, 'Params_59.Template2DPar.maxnum', 'BPD', '2026-03-18 17:05:40.435'),
(84, 'Params_2.ChangePINPar1.SegHead.code', 'BPD', '2026-03-18 17:05:40.435'),
(85, 'Params_65.TAN2StepPar7.ParTAN2Step.orderhashmode', 'BPD', '2026-03-18 17:05:40.435'),
(86, 'Params_13.LastB2BSEPAPar1.ParTermSepaB2B.maxVorlZeitFNALRCUR', 'BPD', '2026-03-18 17:05:40.435'),
(87, 'Params_67.Template2DPar.SegHead.version', 'BPD', '2026-03-18 17:05:40.435'),
(88, 'Params_66.PinTanPar2.ParPinTan.PinTanGV_6.segcode', 'BPD', '2026-03-18 17:05:40.435'),
(89, 'Params_66.PinTanPar2.ParPinTan.PinTanGV_18.needtan', 'BPD', '2026-03-18 17:05:40.435'),
(90, 'Params_65.TAN2StepPar7.ParTAN2Step.TAN2StepParams.decoupled_time_before_next_status_request', 'BPD', '2026-03-18 17:05:40.435'),
(91, 'Params_64.TAN2StepPar6.ParTAN2Step.TAN2StepParams_2.zkamethod_name', 'BPD', '2026-03-18 17:05:40.436'),
(92, 'Params_47.InstUebSEPAPar1.maxnum', 'BPD', '2026-03-18 17:05:40.436'),
(93, 'Params_66.PinTanPar2.ParPinTan.PinTanGV_54.segcode', 'BPD', '2026-03-18 17:05:40.436'),
(94, 'Params_5.SaldoPar4.SegHead.code', 'BPD', '2026-03-18 17:05:40.436'),
(95, 'Params_14.SammelLastB2BSEPAPar1.ParSammelLastB2BSEPA.minVorlZeitFRSTOOFF', 'BPD', '2026-03-18 17:05:40.436'),
(96, 'Params_41.DauerLastSEPANewPar1.ParDauerLastSEPANew.turnusmonths', 'BPD', '2026-03-18 17:05:40.436'),
(97, 'Params_64.TAN2StepPar6.ParTAN2Step.TAN2StepParams.needchallengeklass', 'BPD', '2026-03-18 17:05:40.436'),
(98, 'Params_12.LastSEPAPar1.SegHead.code', 'BPD', '2026-03-18 17:05:40.436'),
(99, 'Params_29.Template2DPar.SegHead.version', 'BPD', '2026-03-18 17:05:40.436'),
(100, 'Params_64.TAN2StepPar6.ParTAN2Step.TAN2StepParams_4.need_hhducresponse', 'BPD', '2026-03-18 17:05:40.436'),
(101, 'Params_66.PinTanPar2.ParPinTan.PinTanGV_6.needtan', 'BPD', '2026-03-18 17:05:40.436'),
(102, 'Params_42.Template2DPar.SegHead.version', 'BPD', '2026-03-18 17:05:40.436'),
(103, 'Params_47.InstUebSEPAPar1.SegHead.ref', 'BPD', '2026-03-18 17:05:40.436'),
(104, 'Params_47.InstUebSEPAPar1.secclass', 'BPD', '2026-03-18 17:05:40.436'),
(105, 'Params_14.SammelLastB2BSEPAPar1.ParSammelLastB2BSEPA.minVorlZeitFNALRCUR', 'BPD', '2026-03-18 17:05:40.436'),
(106, 'Params_2.ChangePINPar1.SegHead.version', 'BPD', '2026-03-18 17:05:40.436'),
(107, 'Params_19.Template2DPar.SegHead.version', 'BPD', '2026-03-18 17:05:40.436'),
(108, 'Params_64.TAN2StepPar6.ParTAN2Step.TAN2StepParams_4.tanformat', 'BPD', '2026-03-18 17:05:40.436'),
(109, 'Params_65.TAN2StepPar7.ParTAN2Step.TAN2StepParams.maxleninput2step', 'BPD', '2026-03-18 17:05:40.437'),
(110, 'CommListRes.CommParam.dienst', 'BPD', '2026-03-18 17:05:40.437'),
(111, 'Params_66.PinTanPar2.ParPinTan.PinTanGV_18.segcode', 'BPD', '2026-03-18 17:05:40.437'),
(112, 'Params_62.Template2DPar.minsigs', 'BPD', '2026-03-18 17:05:40.437'),
(113, 'Params_45.Template2DPar.ParTemplate2D.dummy', 'BPD', '2026-03-18 17:05:40.437'),
(114, 'Params_21.Template2DPar.SegHead.ref', 'BPD', '2026-03-18 17:05:40.437'),
(115, 'Params_43.Template2DPar.secclass', 'BPD', '2026-03-18 17:05:40.437'),
(116, 'Params_34.SammelLastSEPAPar1.SegHead.seq', 'BPD', '2026-03-18 17:05:40.437'),
(117, 'Params_9.TermUebSEPADelPar1.maxnum', 'BPD', '2026-03-18 17:05:40.437'),
(118, 'Params_66.PinTanPar2.ParPinTan.PinTanGV_40.segcode', 'BPD', '2026-03-18 17:05:40.437'),
(119, 'Params_66.PinTanPar2.ParPinTan.PinTanGV_57.segcode', 'BPD', '2026-03-18 17:05:40.437'),
(120, 'Params_62.Template2DPar.SegHead.code', 'BPD', '2026-03-18 17:05:40.437'),
(121, 'Params_11.SEPAInfoPar1.ParSEPAInfo.suppformats_4', 'BPD', '2026-03-18 17:05:40.437'),
(122, 'Params_11.SEPAInfoPar1.ParSEPAInfo.suppformats_3', 'BPD', '2026-03-18 17:05:40.437'),
(123, 'Params_11.SEPAInfoPar1.ParSEPAInfo.suppformats_2', 'BPD', '2026-03-18 17:05:40.437'),
(124, 'Params_3.Template2Par.SegHead.ref', 'BPD', '2026-03-18 17:05:40.437'),
(125, 'Params_5.SaldoPar4.maxnum', 'BPD', '2026-03-18 17:05:40.437'),
(126, 'Params_50.Template2DPar.SegHead.seq', 'BPD', '2026-03-18 17:05:40.437'),
(127, 'Params_68.Template2DPar.secclass', 'BPD', '2026-03-18 17:05:40.438'),
(128, 'Params_11.SEPAInfoPar1.ParSEPAInfo.suppformats_8', 'BPD', '2026-03-18 17:05:40.438'),
(129, 'Params_11.SEPAInfoPar1.ParSEPAInfo.suppformats_7', 'BPD', '2026-03-18 17:05:40.438'),
(130, 'Params_11.SEPAInfoPar1.ParSEPAInfo.suppformats_6', 'BPD', '2026-03-18 17:05:40.438'),
(131, 'Params_64.TAN2StepPar6.ParTAN2Step.TAN2StepParams_3.name', 'BPD', '2026-03-18 17:05:40.438'),
(132, 'Params_11.SEPAInfoPar1.ParSEPAInfo.suppformats_5', 'BPD', '2026-03-18 17:05:40.438'),
(133, 'Params_29.Template2DPar.secclass', 'BPD', '2026-03-18 17:05:40.438'),
(134, 'Params_28.Template2DPar.SegHead.seq', 'BPD', '2026-03-18 17:05:40.438'),
(135, 'Params_68.Template2DPar.SegHead.code', 'BPD', '2026-03-18 17:05:40.438'),
(136, 'Params_44.Template2DPar.minsigs', 'BPD', '2026-03-18 17:05:40.438'),
(137, 'Params_66.PinTanPar2.ParPinTan.PinTanGV_15.needtan', 'BPD', '2026-03-18 17:05:40.438'),
(138, 'Params_18.Template2DPar.SegHead.code', 'BPD', '2026-03-18 17:05:40.438'),
(139, 'Params_66.PinTanPar2.ParPinTan.PinTanGV_3.needtan', 'BPD', '2026-03-18 17:05:40.438'),
(140, 'Params_12.LastSEPAPar1.SegHead.ref', 'BPD', '2026-03-18 17:05:40.438'),
(141, 'Params_10.UebSEPAPar1.SegHead.seq', 'BPD', '2026-03-18 17:05:40.438'),
(142, 'Params_42.Template2DPar.SegHead.seq', 'BPD', '2026-03-18 17:05:40.438'),
(143, 'Params_27.Template2DPar.SegHead.seq', 'BPD', '2026-03-18 17:05:40.438'),
(144, 'Params_65.TAN2StepPar7.ParTAN2Step.TAN2StepParams.decoupled_max_status_requests', 'BPD', '2026-03-18 17:05:40.438'),
(145, 'SecMethod.SuppSecMethods_2.version', 'BPD', '2026-03-18 17:05:40.439'),
(146, 'Params_55.Template2DPar.maxnum', 'BPD', '2026-03-18 17:05:40.439'),
(147, 'Params_13.LastB2BSEPAPar1.ParTermSepaB2B.maxVorlZeitFRSTOOFF', 'BPD', '2026-03-18 17:05:40.439'),
(148, 'Params_66.PinTanPar2.ParPinTan.PinTanGV_3.segcode', 'BPD', '2026-03-18 17:05:40.439'),
(149, 'Params_64.TAN2StepPar6.ParTAN2Step.TAN2StepParams_5.ischallengestructured', 'BPD', '2026-03-18 17:05:40.439'),
(150, 'Params_48.Template2Par.SegHead.version', 'BPD', '2026-03-18 17:05:40.439'),
(151, 'Params_8.TermUebSEPAListPar1.SegHead.seq', 'BPD', '2026-03-18 17:05:40.439'),
(152, 'Params_22.Template2DPar.SegHead.version', 'BPD', '2026-03-18 17:05:40.439'),
(153, 'Params_59.Template2DPar.ParTemplate2D.dummy', 'BPD', '2026-03-18 17:05:40.439'),
(154, 'Params_37.Template2DPar.SegHead.code', 'BPD', '2026-03-18 17:05:40.439'),
(155, 'Params_66.PinTanPar2.ParPinTan.PinTanGV_40.needtan', 'BPD', '2026-03-18 17:05:40.439'),
(156, 'Params_65.TAN2StepPar7.ParTAN2Step.TAN2StepParams.id', 'BPD', '2026-03-18 17:05:40.439'),
(157, 'BPA.KIK.blz', 'BPD', '2026-03-18 17:05:40.439'),
(158, 'Params_60.Template2DPar.SegHead.version', 'BPD', '2026-03-18 17:05:40.439'),
(159, 'Params_27.Template2DPar.minsigs', 'BPD', '2026-03-18 17:05:40.439'),
(160, 'Params_52.Template2DPar.SegHead.version', 'BPD', '2026-03-18 17:05:40.439'),
(161, 'Params_51.Template2Par.SegHead.code', 'BPD', '2026-03-18 17:05:40.439'),
(162, 'BPA.numgva', 'BPD', '2026-03-18 17:05:40.439'),
(163, 'Params_9.TermUebSEPADelPar1.SegHead.ref', 'BPD', '2026-03-18 17:05:40.439'),
(164, 'Params_23.TermSammelUebSEPAPar1.minsigs', 'BPD', '2026-03-18 17:05:40.440'),
(165, 'Params_43.Template2DPar.SegHead.seq', 'BPD', '2026-03-18 17:05:40.440'),
(166, 'Params_49.Template2DPar.SegHead.ref', 'BPD', '2026-03-18 17:05:40.440'),
(167, 'Params_43.Template2DPar.maxnum', 'BPD', '2026-03-18 17:05:40.440'),
(168, 'Params_35.Template2Par.maxnum', 'BPD', '2026-03-18 17:05:40.440'),
(169, 'Params_2.ChangePINPar1.SegHead.ref', 'BPD', '2026-03-18 17:05:40.440'),
(170, 'Params_8.TermUebSEPAListPar1.ParTermUebSEPAList.cantimerange', 'BPD', '2026-03-18 17:05:40.440'),
(171, 'Params_34.SammelLastSEPAPar1.maxnum', 'BPD', '2026-03-18 17:05:40.440'),
(172, 'Params_64.TAN2StepPar6.secclass', 'BPD', '2026-03-18 17:05:40.440'),
(173, 'Params_58.VoPCheckPar1.ParVoPCheck.maxcountoptin', 'BPD', '2026-03-18 17:05:40.440'),
(174, 'Params_64.TAN2StepPar6.ParTAN2Step.TAN2StepParams_4.maxleninput2step', 'BPD', '2026-03-18 17:05:40.440'),
(175, 'Params_39.KUmsZeitCamtPar1.ParKUmsZeitCamt.timerange', 'BPD', '2026-03-18 17:05:40.440'),
(176, 'Params_40.DauerLastSEPAListPar1.ParDauerLastSEPAList.suppformats_2', 'BPD', '2026-03-18 17:05:40.440'),
(177, 'Params_40.DauerLastSEPAListPar1.ParDauerLastSEPAList.suppformats_3', 'BPD', '2026-03-18 17:05:40.440'),
(178, 'BPA.SuppVersions.version', 'BPD', '2026-03-18 17:05:40.440'),
(179, 'Params_26.WPDepotListPar6.SegHead.code', 'BPD', '2026-03-18 17:05:40.440'),
(180, 'Params_64.TAN2StepPar6.ParTAN2Step.TAN2StepParams.cantandelay', 'BPD', '2026-03-18 17:05:40.440'),
(181, 'Params_64.TAN2StepPar6.ParTAN2Step.TAN2StepParams_4.zkamethod_name', 'BPD', '2026-03-18 17:05:40.440'),
(182, 'Params_49.Template2DPar.SegHead.version', 'BPD', '2026-03-18 17:05:40.441'),
(183, 'Params_57.Template2Par.secclassdummy', 'BPD', '2026-03-18 17:05:40.441'),
(184, 'Params_49.Template2DPar.SegHead.code', 'BPD', '2026-03-18 17:05:40.441'),
(185, 'Params_11.SEPAInfoPar1.ParSEPAInfo.cannationalacc', 'BPD', '2026-03-18 17:05:40.441'),
(186, 'Params_65.TAN2StepPar7.ParTAN2Step.TAN2StepParams.secfunc', 'BPD', '2026-03-18 17:05:40.441'),
(187, 'Params_58.VoPCheckPar1.secclass', 'BPD', '2026-03-18 17:05:40.441'),
(188, 'Params_66.PinTanPar2.ParPinTan.PinTanGV_43.needtan', 'BPD', '2026-03-18 17:05:40.441'),
(189, 'Params_62.Template2DPar.SegHead.version', 'BPD', '2026-03-18 17:05:40.441'),
(190, 'Params_66.PinTanPar2.ParPinTan.PinTanGV_46.needtan', 'BPD', '2026-03-18 17:05:40.441'),
(191, 'Params_65.TAN2StepPar7.ParTAN2Step.canmultitangvs', 'BPD', '2026-03-18 17:05:40.441'),
(192, 'Params_66.PinTanPar2.ParPinTan.PinTanGV_51.segcode', 'BPD', '2026-03-18 17:05:40.441'),
(193, 'Params_21.Template2DPar.ParTemplate2D.dummy_3', 'BPD', '2026-03-18 17:05:40.441'),
(194, 'Params_36.Template2DPar.secclass', 'BPD', '2026-03-18 17:05:40.441'),
(195, 'Params_21.Template2DPar.ParTemplate2D.dummy_4', 'BPD', '2026-03-18 17:05:40.441'),
(196, 'Params_46.Template2DPar.ParTemplate2D.dummy', 'BPD', '2026-03-18 17:05:40.441'),
(197, 'Params_21.Template2DPar.ParTemplate2D.dummy_2', 'BPD', '2026-03-18 17:05:40.441'),
(198, 'Params_66.PinTanPar2.ParPinTan.PinTanGV_9.needtan', 'BPD', '2026-03-18 17:05:40.441'),
(199, 'Params_45.Template2DPar.maxnum', 'BPD', '2026-03-18 17:05:40.441'),
(200, 'Params_58.VoPCheckPar1.SegHead.seq', 'BPD', '2026-03-18 17:05:40.442'),
(201, 'Params_66.PinTanPar2.ParPinTan.PinTanGV_29.segcode', 'BPD', '2026-03-18 17:05:40.442'),
(202, 'SecMethod.SegHead.ref', 'BPD', '2026-03-18 17:05:40.442'),
(203, 'Params_12.LastSEPAPar1.minsigs', 'BPD', '2026-03-18 17:05:40.442'),
(204, 'Params_64.TAN2StepPar6.ParTAN2Step.TAN2StepParams.secfunc', 'BPD', '2026-03-18 17:05:40.442'),
(205, 'Params_19.Template2DPar.ParTemplate2D.dummy', 'BPD', '2026-03-18 17:05:40.442'),
(206, 'Params_64.TAN2StepPar6.ParTAN2Step.TAN2StepParams.name', 'BPD', '2026-03-18 17:05:40.442'),
(207, 'Params_64.TAN2StepPar6.ParTAN2Step.TAN2StepParams.process', 'BPD', '2026-03-18 17:05:40.442'),
(208, 'Params_22.Template2DPar.ParTemplate2D.dummy_2', 'BPD', '2026-03-18 17:05:40.442'),
(209, 'Params_26.WPDepotListPar6.minsigs', 'BPD', '2026-03-18 17:05:40.442'),
(210, 'Params_44.Template2DPar.SegHead.seq', 'BPD', '2026-03-18 17:05:40.442'),
(211, 'Params_44.Template2DPar.SegHead.code', 'BPD', '2026-03-18 17:05:40.442'),
(212, 'Params_31.SammelUebSEPAPar1.SegHead.code', 'BPD', '2026-03-18 17:05:40.442'),
(213, 'Params_13.LastB2BSEPAPar1.secclass', 'BPD', '2026-03-18 17:05:40.442'),
(214, 'Params_13.LastB2BSEPAPar1.maxnum', 'BPD', '2026-03-18 17:05:40.442'),
(215, 'Params_13.LastB2BSEPAPar1.ParTermSepaB2B.minVorlZeitFNALRCUR', 'BPD', '2026-03-18 17:05:40.442'),
(216, 'Params_47.InstUebSEPAPar1.SegHead.version', 'BPD', '2026-03-18 17:05:40.442'),
(217, 'Params_8.TermUebSEPAListPar1.SegHead.code', 'BPD', '2026-03-18 17:05:40.442'),
(218, 'Params_65.TAN2StepPar7.ParTAN2Step.TAN2StepParams.needtanmedia', 'BPD', '2026-03-18 17:05:40.443'),
(219, 'Params_64.TAN2StepPar6.ParTAN2Step.TAN2StepParams_4.needorderaccount', 'BPD', '2026-03-18 17:05:40.443'),
(220, 'Params_18.Template2DPar.SegHead.seq', 'BPD', '2026-03-18 17:05:40.443'),
(221, 'Params_64.TAN2StepPar6.SegHead.ref', 'BPD', '2026-03-18 17:05:40.443'),
(222, 'Params_67.Template2DPar.SegHead.code', 'BPD', '2026-03-18 17:05:40.443'),
(223, 'Params_49.Template2DPar.maxnum', 'BPD', '2026-03-18 17:05:40.443'),
(224, 'Params_6.SaldoPar7.minsigs', 'BPD', '2026-03-18 17:05:40.443'),
(225, 'Params_64.TAN2StepPar6.ParTAN2Step.TAN2StepParams.inputinfo', 'BPD', '2026-03-18 17:05:40.443'),
(226, 'Params_58.VoPCheckPar1.SegHead.code', 'BPD', '2026-03-18 17:05:40.443'),
(227, 'Params_25.WPDepotUmsPar5.secclass', 'BPD', '2026-03-18 17:05:40.443'),
(228, 'Params_66.PinTanPar2.ParPinTan.PinTanGV_23.segcode', 'BPD', '2026-03-18 17:05:40.443'),
(229, 'Params_13.LastB2BSEPAPar1.SegHead.version', 'BPD', '2026-03-18 17:05:40.443'),
(230, 'Params_2.ChangePINPar1.maxnum', 'BPD', '2026-03-18 17:05:40.443'),
(231, 'Params_63.Template2DPar.SegHead.ref', 'BPD', '2026-03-18 17:05:40.443'),
(232, 'Params_67.Template2DPar.maxnum', 'BPD', '2026-03-18 17:05:40.443'),
(233, 'Params_66.PinTanPar2.ParPinTan.PinTanGV_49.needtan', 'BPD', '2026-03-18 17:05:40.443'),
(234, 'Params_30.Template2DPar.secclass', 'BPD', '2026-03-18 17:05:40.443'),
(235, 'Params_40.DauerLastSEPAListPar1.SegHead.seq', 'BPD', '2026-03-18 17:05:40.443'),
(236, 'Params_66.PinTanPar2.ParPinTan.PinTanGV_35.segcode', 'BPD', '2026-03-18 17:05:40.443'),
(237, 'Params_19.Template2DPar.secclass', 'BPD', '2026-03-18 17:05:40.443'),
(238, 'Params_66.PinTanPar2.ParPinTan.PinTanGV_37.needtan', 'BPD', '2026-03-18 17:05:40.444'),
(239, 'Params_17.Template2DPar.SegHead.code', 'BPD', '2026-03-18 17:05:40.444'),
(240, 'Params_63.Template2DPar.minsigs', 'BPD', '2026-03-18 17:05:40.444'),
(241, 'Params_65.TAN2StepPar7.ParTAN2Step.TAN2StepParams.ischallengestructured', 'BPD', '2026-03-18 17:05:40.444'),
(242, 'Params_34.SammelLastSEPAPar1.ParSammelLastSEPA.minVorlZeitFNALRCUR', 'BPD', '2026-03-18 17:05:40.444'),
(243, 'Params_12.LastSEPAPar1.SegHead.version', 'BPD', '2026-03-18 17:05:40.444'),
(244, 'Params_28.Template2DPar.maxnum', 'BPD', '2026-03-18 17:05:40.444'),
(245, 'Params_64.TAN2StepPar6.ParTAN2Step.can1step', 'BPD', '2026-03-18 17:05:40.444'),
(246, 'Params_50.Template2DPar.minsigs', 'BPD', '2026-03-18 17:05:40.444'),
(247, 'Params_27.Template2DPar.SegHead.version', 'BPD', '2026-03-18 17:05:40.444'),
(248, 'Params_41.DauerLastSEPANewPar1.ParDauerLastSEPANew.dayspermonth', 'BPD', '2026-03-18 17:05:40.444'),
(249, 'Params_27.Template2DPar.ParTemplate2D.dummy', 'BPD', '2026-03-18 17:05:40.444'),
(250, 'Params_64.TAN2StepPar6.ParTAN2Step.TAN2StepParams_3.zkamethod_version', 'BPD', '2026-03-18 17:05:40.444'),
(251, 'Params_63.Template2DPar.SegHead.code', 'BPD', '2026-03-18 17:05:40.444'),
(252, 'Params_36.Template2DPar.SegHead.seq', 'BPD', '2026-03-18 17:05:40.444'),
(253, 'Params_60.Template2DPar.secclass', 'BPD', '2026-03-18 17:05:40.445');

INSERT INTO parameterData (
    id, pdKey, pdType, updatedAt
) VALUES

(254, 'Params_22.Template2DPar.SegHead.ref', 'BPD', '2026-03-18 17:05:40.445'),
(255, 'Params_14.SammelLastB2BSEPAPar1.SegHead.seq', 'BPD', '2026-03-18 17:05:40.445'),
(256, 'Params_57.Template2Par.SegHead.version', 'BPD', '2026-03-18 17:05:40.445'),
(257, 'Params_64.TAN2StepPar6.ParTAN2Step.TAN2StepParams_3.cantandelay', 'BPD', '2026-03-18 17:05:40.445'),
(258, 'Params_66.PinTanPar2.ParPinTan.PinTanGV_32.needtan', 'BPD', '2026-03-18 17:05:40.445'),
(259, 'Params_64.TAN2StepPar6.ParTAN2Step.TAN2StepParams_4.cantandelay', 'BPD', '2026-03-18 17:05:40.445'),
(260, 'Params_30.Template2DPar.SegHead.ref', 'BPD', '2026-03-18 17:05:40.445'),
(261, 'Params_55.Template2DPar.secclass', 'BPD', '2026-03-18 17:05:40.445'),
(262, 'Params_64.TAN2StepPar6.ParTAN2Step.TAN2StepParams_4.needtanmedia', 'BPD', '2026-03-18 17:05:40.445'),
(263, 'Params_59.Template2DPar.SegHead.ref', 'BPD', '2026-03-18 17:05:40.445'),
(264, 'Params.KontoauszugPar5.ParKontoauszug.needreceipt', 'BPD', '2026-03-18 17:05:40.445'),
(265, 'Params_66.PinTanPar2.ParPinTan.PinTanGV_20.needtan', 'BPD', '2026-03-18 17:05:40.445'),
(266, 'Params_37.Template2DPar.SegHead.version', 'BPD', '2026-03-18 17:05:40.445'),
(267, 'Params_50.Template2DPar.SegHead.version', 'BPD', '2026-03-18 17:05:40.445'),
(268, 'Params_67.Template2DPar.SegHead.ref', 'BPD', '2026-03-18 17:05:40.445'),
(269, 'Params_64.TAN2StepPar6.ParTAN2Step.TAN2StepParams.canstorno', 'BPD', '2026-03-18 17:05:40.445'),
(270, 'Params_7.TermUebSEPAEditPar1.SegHead.code', 'BPD', '2026-03-18 17:05:40.445'),
(271, 'Params_63.Template2DPar.maxnum', 'BPD', '2026-03-18 17:05:40.446'),
(272, 'Params_66.PinTanPar2.ParPinTan.PinTanGV_15.segcode', 'BPD', '2026-03-18 17:05:40.446'),
(273, 'Params_14.SammelLastB2BSEPAPar1.ParSammelLastB2BSEPA.needtotal', 'BPD', '2026-03-18 17:05:40.446'),
(274, 'Params_66.PinTanPar2.ParPinTan.PinTanGV_38.needtan', 'BPD', '2026-03-18 17:05:40.446'),
(275, 'Params_64.TAN2StepPar6.ParTAN2Step.TAN2StepParams_4.ischallengestructured', 'BPD', '2026-03-18 17:05:40.446'),
(276, 'Params_66.PinTanPar2.ParPinTan.PinTanGV_57.needtan', 'BPD', '2026-03-18 17:05:40.446'),
(277, 'Params_17.Template2DPar.SegHead.version', 'BPD', '2026-03-18 17:05:40.446'),
(278, 'Params_64.TAN2StepPar6.ParTAN2Step.TAN2StepParams.tanformat', 'BPD', '2026-03-18 17:05:40.446'),
(279, 'Params_13.LastB2BSEPAPar1.minsigs', 'BPD', '2026-03-18 17:05:40.446'),
(280, 'Params_30.Template2DPar.SegHead.version', 'BPD', '2026-03-18 17:05:40.446'),
(281, 'Params_11.SEPAInfoPar1.ParSEPAInfo.suppformats_9', 'BPD', '2026-03-18 17:05:40.446'),
(282, 'Params_65.TAN2StepPar7.ParTAN2Step.TAN2StepParams.decoupled_auto_status_request_allowed', 'BPD', '2026-03-18 17:05:40.446'),
(283, 'Params_64.TAN2StepPar6.ParTAN2Step.TAN2StepParams_4.id', 'BPD', '2026-03-18 17:05:40.446'),
(284, 'Params_35.Template2Par.minsigs', 'BPD', '2026-03-18 17:05:40.446'),
(285, 'Params_53.Template2DPar.maxnum', 'BPD', '2026-03-18 17:05:40.446'),
(286, 'Params_48.Template2Par.maxnum', 'BPD', '2026-03-18 17:05:40.446'),
(287, 'Params.KontoauszugPar5.SegHead.ref', 'BPD', '2026-03-18 17:05:40.446'),
(288, 'Params_54.Template2DPar.ParTemplate2D.dummy_2', 'BPD', '2026-03-18 17:05:40.446'),
(289, 'Params_66.PinTanPar2.ParPinTan.PinTanGV_21.needtan', 'BPD', '2026-03-18 17:05:40.446'),
(290, 'Params_20.Template2DPar.SegHead.code', 'BPD', '2026-03-18 17:05:40.447'),
(291, 'Params_64.TAN2StepPar6.ParTAN2Step.TAN2StepParams_3.needsmsaccount', 'BPD', '2026-03-18 17:05:40.447'),
(292, 'Params_20.Template2DPar.SegHead.ref', 'BPD', '2026-03-18 17:05:40.447'),
(293, 'Params_54.Template2DPar.ParTemplate2D.dummy_3', 'BPD', '2026-03-18 17:05:40.447'),
(294, 'Params_27.Template2DPar.ParTemplate2D.dummy_4', 'BPD', '2026-03-18 17:05:40.447'),
(295, 'Params_66.PinTanPar2.ParPinTan.PinTanGV_46.segcode', 'BPD', '2026-03-18 17:05:40.447'),
(296, 'Params_27.Template2DPar.ParTemplate2D.dummy_3', 'BPD', '2026-03-18 17:05:40.447'),
(297, 'Params_39.KUmsZeitCamtPar1.minsigs', 'BPD', '2026-03-18 17:05:40.447'),
(298, 'Params_27.Template2DPar.ParTemplate2D.dummy_2', 'BPD', '2026-03-18 17:05:40.447'),
(299, 'Params_13.LastB2BSEPAPar1.SegHead.seq', 'BPD', '2026-03-18 17:05:40.447'),
(300, 'Params_23.TermSammelUebSEPAPar1.SegHead.code', 'BPD', '2026-03-18 17:05:40.447'),
(301, 'Params_66.PinTanPar2.ParPinTan.PinTanGV_26.needtan', 'BPD', '2026-03-18 17:05:40.447'),
(302, 'Params_27.Template2DPar.ParTemplate2D.dummy_5', 'BPD', '2026-03-18 17:05:40.447'),
(303, 'Params_52.Template2DPar.secclass', 'BPD', '2026-03-18 17:05:40.447'),
(304, 'Params_10.UebSEPAPar1.SegHead.code', 'BPD', '2026-03-18 17:05:40.447'),
(305, 'SecMethod.SegHead.version', 'BPD', '2026-03-18 17:05:40.447'),
(306, 'Params_18.Template2DPar.maxnum', 'BPD', '2026-03-18 17:05:40.447'),
(307, 'Params_13.LastB2BSEPAPar1.SegHead.code', 'BPD', '2026-03-18 17:05:40.448'),
(308, 'Params_14.SammelLastB2BSEPAPar1.ParSammelLastB2BSEPA.maxVorlZeitFRSTOOFF', 'BPD', '2026-03-18 17:05:40.448'),
(309, 'Params_14.SammelLastB2BSEPAPar1.maxnum', 'BPD', '2026-03-18 17:05:40.448'),
(310, 'Params.KontoauszugPar5.ParKontoauszug.format', 'BPD', '2026-03-18 17:05:40.448'),
(311, 'Params_64.TAN2StepPar6.ParTAN2Step.TAN2StepParams.initmode', 'BPD', '2026-03-18 17:05:40.448'),
(312, 'Params_66.PinTanPar2.ParPinTan.PinTanGV_10.segcode', 'BPD', '2026-03-18 17:05:40.448'),
(313, 'Params_2.ChangePINPar1.minsigs', 'BPD', '2026-03-18 17:05:40.448'),
(314, 'Params_47.InstUebSEPAPar1.minsigs', 'BPD', '2026-03-18 17:05:40.448'),
(315, 'Params_23.TermSammelUebSEPAPar1.ParTermSammelUebSEPA.needtotal', 'BPD', '2026-03-18 17:05:40.448'),
(316, 'Params_26.WPDepotListPar6.ParWPDepotList.canmaxentries', 'BPD', '2026-03-18 17:05:40.448'),
(317, 'Params_66.PinTanPar2.ParPinTan.PinTanGV_9.segcode', 'BPD', '2026-03-18 17:05:40.448'),
(318, 'Params_40.DauerLastSEPAListPar1.SegHead.code', 'BPD', '2026-03-18 17:05:40.448'),
(319, 'Params_65.TAN2StepPar7.maxnum', 'BPD', '2026-03-18 17:05:40.448'),
(320, 'Params_59.Template2DPar.ParTemplate2D.dummy_5', 'BPD', '2026-03-18 17:05:40.448'),
(321, 'Params_59.Template2DPar.ParTemplate2D.dummy_4', 'BPD', '2026-03-18 17:05:40.448'),
(322, 'Params_64.TAN2StepPar6.ParTAN2Step.TAN2StepParams_2.canmultitan', 'BPD', '2026-03-18 17:05:40.448'),
(323, 'Params_8.TermUebSEPAListPar1.SegHead.version', 'BPD', '2026-03-18 17:05:40.448'),
(324, 'Params_59.Template2DPar.ParTemplate2D.dummy_3', 'BPD', '2026-03-18 17:05:40.448'),
(325, 'Params_59.Template2DPar.ParTemplate2D.dummy_2', 'BPD', '2026-03-18 17:05:40.448'),
(326, 'Params_59.Template2DPar.ParTemplate2D.dummy_7', 'BPD', '2026-03-18 17:05:40.449'),
(327, 'Params_50.Template2DPar.ParTemplate2D.dummy', 'BPD', '2026-03-18 17:05:40.449'),
(328, 'Params_59.Template2DPar.ParTemplate2D.dummy_6', 'BPD', '2026-03-18 17:05:40.449'),
(329, 'Params_68.Template2DPar.ParTemplate2D.dummy_32', 'BPD', '2026-03-18 17:05:40.449'),
(330, 'Params_23.TermSammelUebSEPAPar1.secclass', 'BPD', '2026-03-18 17:05:40.449'),
(331, 'Params_64.TAN2StepPar6.ParTAN2Step.TAN2StepParams_5.needtanmedia', 'BPD', '2026-03-18 17:05:40.449'),
(332, 'Params_68.Template2DPar.ParTemplate2D.dummy_31', 'BPD', '2026-03-18 17:05:40.449'),
(333, 'Params_68.Template2DPar.ParTemplate2D.dummy_30', 'BPD', '2026-03-18 17:05:40.449'),
(334, 'Params_43.Template2DPar.SegHead.code', 'BPD', '2026-03-18 17:05:40.449'),
(335, 'Params_66.PinTanPar2.ParPinTan.PinTanGV_51.needtan', 'BPD', '2026-03-18 17:05:40.449'),
(336, 'Params_68.Template2DPar.ParTemplate2D.dummy_35', 'BPD', '2026-03-18 17:05:40.449'),
(337, 'Params_68.Template2DPar.ParTemplate2D.dummy_34', 'BPD', '2026-03-18 17:05:40.449'),
(338, 'Params_66.PinTanPar2.ParPinTan.PinTanGV_34.segcode', 'BPD', '2026-03-18 17:05:40.449'),
(339, 'Params_68.Template2DPar.ParTemplate2D.dummy_33', 'BPD', '2026-03-18 17:05:40.449'),
(340, 'Params_64.TAN2StepPar6.ParTAN2Step.TAN2StepParams_4.secfunc', 'BPD', '2026-03-18 17:05:40.449'),
(341, 'Params_9.TermUebSEPADelPar1.ParTermUebSEPADel.orderdata_required', 'BPD', '2026-03-18 17:05:40.449'),
(342, 'Params_64.TAN2StepPar6.ParTAN2Step.TAN2StepParams_4.process', 'BPD', '2026-03-18 17:05:40.449'),
(343, 'Params_63.Template2DPar.secclass', 'BPD', '2026-03-18 17:05:40.449'),
(344, 'Params_41.DauerLastSEPANewPar1.minsigs', 'BPD', '2026-03-18 17:05:40.450'),
(345, 'Params_55.Template2DPar.minsigs', 'BPD', '2026-03-18 17:05:40.450'),
(346, 'Params_47.InstUebSEPAPar1.ParUmbSepa.suppformats_5', 'BPD', '2026-03-18 17:05:40.450'),
(347, 'Params_66.PinTanPar2.ParPinTan.PinTanGV_10.needtan', 'BPD', '2026-03-18 17:05:40.450'),
(348, 'Params_47.InstUebSEPAPar1.ParUmbSepa.suppformats_4', 'BPD', '2026-03-18 17:05:40.450'),
(349, 'Params_38.Template2DPar.SegHead.code', 'BPD', '2026-03-18 17:05:40.450'),
(350, 'Params_47.InstUebSEPAPar1.ParUmbSepa.suppformats_3', 'BPD', '2026-03-18 17:05:40.450'),
(351, 'Params_47.InstUebSEPAPar1.ParUmbSepa.suppformats_2', 'BPD', '2026-03-18 17:05:40.450'),
(352, 'Params_20.Template2DPar.maxnum', 'BPD', '2026-03-18 17:05:40.450'),
(353, 'Params_64.TAN2StepPar6.ParTAN2Step.TAN2StepParams.needtanmedia', 'BPD', '2026-03-18 17:05:40.450'),
(354, 'Params_42.Template2DPar.minsigs', 'BPD', '2026-03-18 17:05:40.450'),
(355, 'Params_21.Template2DPar.maxnum', 'BPD', '2026-03-18 17:05:40.450'),
(356, 'Params_68.Template2DPar.ParTemplate2D.dummy_21', 'BPD', '2026-03-18 17:05:40.450'),
(357, 'Params_65.TAN2StepPar7.ParTAN2Step.TAN2StepParams.needchallengeklass', 'BPD', '2026-03-18 17:05:40.450'),
(358, 'Params_68.Template2DPar.ParTemplate2D.dummy_20', 'BPD', '2026-03-18 17:05:40.450'),
(359, 'Params_58.VoPCheckPar1.ParVoPCheck.segcode_15', 'BPD', '2026-03-18 17:05:40.450'),
(360, 'Params_53.Template2DPar.ParTemplate2D.dummy', 'BPD', '2026-03-18 17:05:40.450'),
(361, 'Params_8.TermUebSEPAListPar1.minsigs', 'BPD', '2026-03-18 17:05:40.450'),
(362, 'Params_66.PinTanPar2.ParPinTan.PinTanGV_42.needtan', 'BPD', '2026-03-18 17:05:40.451'),
(363, 'Params_58.VoPCheckPar1.ParVoPCheck.segcode_16', 'BPD', '2026-03-18 17:05:40.451'),
(364, 'Params_64.TAN2StepPar6.ParTAN2Step.TAN2StepParams.needorderaccount', 'BPD', '2026-03-18 17:05:40.451'),
(365, 'Params_68.Template2DPar.ParTemplate2D.dummy_25', 'BPD', '2026-03-18 17:05:40.451'),
(366, 'Params_64.TAN2StepPar6.ParTAN2Step.TAN2StepParams_4.canmultitan', 'BPD', '2026-03-18 17:05:40.451'),
(367, 'Params_68.Template2DPar.ParTemplate2D.dummy_24', 'BPD', '2026-03-18 17:05:40.451'),
(368, 'Params_20.Template2DPar.secclass', 'BPD', '2026-03-18 17:05:40.451'),
(369, 'Params_25.WPDepotUmsPar5.SegHead.version', 'BPD', '2026-03-18 17:05:40.451'),
(370, 'Params_68.Template2DPar.ParTemplate2D.dummy_23', 'BPD', '2026-03-18 17:05:40.452'),
(371, 'Params_47.InstUebSEPAPar1.ParUmbSepa.suppformats_6', 'BPD', '2026-03-18 17:05:40.452'),
(372, 'Params_68.Template2DPar.ParTemplate2D.dummy_22', 'BPD', '2026-03-18 17:05:40.452'),
(373, 'Params_68.Template2DPar.ParTemplate2D.dummy_29', 'BPD', '2026-03-18 17:05:40.452'),
(374, 'Params_58.VoPCheckPar1.ParVoPCheck.segcode_10', 'BPD', '2026-03-18 17:05:40.452'),
(375, 'Params_68.Template2DPar.ParTemplate2D.dummy_28', 'BPD', '2026-03-18 17:05:40.452'),
(376, 'Params_41.DauerLastSEPANewPar1.ParDauerLastSEPANew.turnusweeks', 'BPD', '2026-03-18 17:05:40.452'),
(377, 'Params_68.Template2DPar.ParTemplate2D.dummy_27', 'BPD', '2026-03-18 17:05:40.452'),
(378, 'Params_68.Template2DPar.ParTemplate2D.dummy_26', 'BPD', '2026-03-18 17:05:40.452'),
(379, 'Params_58.VoPCheckPar1.ParVoPCheck.segcode_13', 'BPD', '2026-03-18 17:05:40.452'),
(380, 'Params_48.Template2Par.SegHead.code', 'BPD', '2026-03-18 17:05:40.452'),
(381, 'Params_58.VoPCheckPar1.ParVoPCheck.segcode_14', 'BPD', '2026-03-18 17:05:40.452'),
(382, 'Params_58.VoPCheckPar1.ParVoPCheck.segcode_11', 'BPD', '2026-03-18 17:05:40.452'),
(383, 'Params_45.Template2DPar.secclass', 'BPD', '2026-03-18 17:05:40.452'),
(384, 'Params_58.VoPCheckPar1.ParVoPCheck.segcode_12', 'BPD', '2026-03-18 17:05:40.452'),
(385, 'Params_64.TAN2StepPar6.ParTAN2Step.TAN2StepParams_3.process', 'BPD', '2026-03-18 17:05:40.452'),
(386, 'Params_6.SaldoPar7.secclass', 'BPD', '2026-03-18 17:05:40.452'),
(387, 'Params_38.Template2DPar.secclass', 'BPD', '2026-03-18 17:05:40.452'),
(388, 'Params_29.Template2DPar.ParTemplate2D.dummy_2', 'BPD', '2026-03-18 17:05:40.452'),
(389, 'Params_68.Template2DPar.ParTemplate2D.dummy_10', 'BPD', '2026-03-18 17:05:40.453'),
(390, 'Params_16.Template2DPar.SegHead.version', 'BPD', '2026-03-18 17:05:40.453'),
(391, 'Params_64.TAN2StepPar6.ParTAN2Step.TAN2StepParams_2.needsmsaccount', 'BPD', '2026-03-18 17:05:40.453'),
(392, 'Params_38.Template2DPar.SegHead.seq', 'BPD', '2026-03-18 17:05:40.453'),
(393, 'Params_60.Template2DPar.maxnum', 'BPD', '2026-03-18 17:05:40.453'),
(394, 'Params_68.Template2DPar.ParTemplate2D.dummy_14', 'BPD', '2026-03-18 17:05:40.453'),
(395, 'Params_68.Template2DPar.ParTemplate2D.dummy_13', 'BPD', '2026-03-18 17:05:40.453'),
(396, 'Params_68.Template2DPar.ParTemplate2D.dummy_12', 'BPD', '2026-03-18 17:05:40.453'),
(397, 'Params_68.Template2DPar.ParTemplate2D.dummy_11', 'BPD', '2026-03-18 17:05:40.453'),
(398, 'Params_68.Template2DPar.ParTemplate2D.dummy_18', 'BPD', '2026-03-18 17:05:40.453'),
(399, 'Params_68.Template2DPar.ParTemplate2D.dummy_17', 'BPD', '2026-03-18 17:05:40.453'),
(400, 'Params_57.Template2Par.SegHead.seq', 'BPD', '2026-03-18 17:05:40.453'),
(401, 'Params_68.Template2DPar.ParTemplate2D.dummy_16', 'BPD', '2026-03-18 17:05:40.453'),
(402, 'Params_68.Template2DPar.ParTemplate2D.dummy_15', 'BPD', '2026-03-18 17:05:40.453'),
(403, 'Params_31.SammelUebSEPAPar1.maxnum', 'BPD', '2026-03-18 17:05:40.453'),
(404, 'Params_68.Template2DPar.ParTemplate2D.dummy_19', 'BPD', '2026-03-18 17:05:40.453'),
(405, 'Params_65.TAN2StepPar7.ParTAN2Step.TAN2StepParams.needsmsaccount', 'BPD', '2026-03-18 17:05:40.453'),
(406, 'Params_9.TermUebSEPADelPar1.SegHead.version', 'BPD', '2026-03-18 17:05:40.453'),
(407, 'Params_64.TAN2StepPar6.ParTAN2Step.TAN2StepParams_3.canstorno', 'BPD', '2026-03-18 17:05:40.454'),
(408, 'Params_40.DauerLastSEPAListPar1.secclass', 'BPD', '2026-03-18 17:05:40.454'),
(409, 'CommListRes.KIK.country', 'BPD', '2026-03-18 17:05:40.454'),
(410, 'Params_36.Template2DPar.ParTemplate2D.dummy_2', 'BPD', '2026-03-18 17:05:40.454'),
(411, 'Params_34.SammelLastSEPAPar1.ParSammelLastSEPA.cansingletransfer', 'BPD', '2026-03-18 17:05:40.454'),
(412, 'Params_64.TAN2StepPar6.ParTAN2Step.TAN2StepParams_3.needchallengeklass', 'BPD', '2026-03-18 17:05:40.454'),
(413, 'Params_46.Template2DPar.minsigs', 'BPD', '2026-03-18 17:05:40.454'),
(414, 'Params_41.DauerLastSEPANewPar1.SegHead.version', 'BPD', '2026-03-18 17:05:40.454'),
(415, 'Params_66.PinTanPar2.ParPinTan.PinTanGV_45.needtan', 'BPD', '2026-03-18 17:05:40.454'),
(416, 'Params_68.Template2DPar.SegHead.seq', 'BPD', '2026-03-18 17:05:40.454'),
(417, 'Params_38.Template2DPar.ParTemplate2D.dummy', 'BPD', '2026-03-18 17:05:40.454'),
(418, 'Params_61.Template2DPar.maxnum', 'BPD', '2026-03-18 17:05:40.454'),
(419, 'Params_66.PinTanPar2.SegHead.code', 'BPD', '2026-03-18 17:05:40.454'),
(420, 'Params_18.Template2DPar.ParTemplate2D.dummy', 'BPD', '2026-03-18 17:05:40.454'),
(421, 'Params_26.WPDepotListPar6.SegHead.seq', 'BPD', '2026-03-18 17:05:40.454'),
(422, 'Params_17.Template2DPar.SegHead.ref', 'BPD', '2026-03-18 17:05:40.454'),
(423, 'Params_30.Template2DPar.SegHead.code', 'BPD', '2026-03-18 17:05:40.455'),
(424, 'Params_41.DauerLastSEPANewPar1.ParDauerLastSEPANew.maxpretime', 'BPD', '2026-03-18 17:05:40.455'),
(425, 'Params_60.Template2DPar.minsigs', 'BPD', '2026-03-18 17:05:40.455'),
(426, 'Params_11.SEPAInfoPar1.maxnum', 'BPD', '2026-03-18 17:05:40.455'),
(427, 'Params_66.PinTanPar2.ParPinTan.PinTanGV_27.segcode', 'BPD', '2026-03-18 17:05:40.455'),
(428, 'Params_64.TAN2StepPar6.SegHead.version', 'BPD', '2026-03-18 17:05:40.455'),
(429, 'Params_64.TAN2StepPar6.ParTAN2Step.TAN2StepParams.maxlentan2step', 'BPD', '2026-03-18 17:05:40.455'),
(430, 'Params_64.TAN2StepPar6.ParTAN2Step.TAN2StepParams_2.needtanmedia', 'BPD', '2026-03-18 17:05:40.455'),
(431, 'Params_39.KUmsZeitCamtPar1.ParKUmsZeitCamt.canallaccounts', 'BPD', '2026-03-18 17:05:40.455'),
(432, 'Params_63.Template2DPar.ParTemplate2D.dummy', 'BPD', '2026-03-18 17:05:40.455'),
(433, 'Params_64.TAN2StepPar6.ParTAN2Step.TAN2StepParams.maxleninput2step', 'BPD', '2026-03-18 17:05:40.455'),
(434, 'Params_62.Template2DPar.maxnum', 'BPD', '2026-03-18 17:05:40.455'),
(435, 'Params_16.Template2DPar.SegHead.ref', 'BPD', '2026-03-18 17:05:40.455'),
(436, 'Params_66.PinTanPar2.ParPinTan.PinTanGV_53.needtan', 'BPD', '2026-03-18 17:05:40.455'),
(437, 'Params_51.Template2Par.minsigs', 'BPD', '2026-03-18 17:05:40.455'),
(438, 'Params_66.PinTanPar2.ParPinTan.pinlen_min', 'BPD', '2026-03-18 17:05:40.455'),
(439, 'CommListRes.SegHead.version', 'BPD', '2026-03-18 17:05:40.455'),
(440, 'Params_40.DauerLastSEPAListPar1.maxnum', 'BPD', '2026-03-18 17:05:40.455'),
(441, 'Params_4.ReceiptPar1.secclass', 'BPD', '2026-03-18 17:05:40.456'),
(442, 'Params_13.LastB2BSEPAPar1.ParTermSepaB2B.minVorlZeitFRSTOOFF', 'BPD', '2026-03-18 17:05:40.456'),
(443, 'Params_64.TAN2StepPar6.ParTAN2Step.TAN2StepParams_3.needorderaccount', 'BPD', '2026-03-18 17:05:40.456'),
(444, 'Params_43.Template2DPar.ParTemplate2D.dummy_8', 'BPD', '2026-03-18 17:05:40.456'),
(445, 'Params_43.Template2DPar.ParTemplate2D.dummy_7', 'BPD', '2026-03-18 17:05:40.456'),
(446, 'Params_16.Template2DPar.secclass', 'BPD', '2026-03-18 17:05:40.456'),
(447, 'Params_43.Template2DPar.ParTemplate2D.dummy_9', 'BPD', '2026-03-18 17:05:40.456'),
(448, 'Params_65.TAN2StepPar7.ParTAN2Step.TAN2StepParams.initmode', 'BPD', '2026-03-18 17:05:40.456'),
(449, 'Params_25.WPDepotUmsPar5.maxnum', 'BPD', '2026-03-18 17:05:40.456'),
(450, 'Params_36.Template2DPar.SegHead.version', 'BPD', '2026-03-18 17:05:40.456'),
(451, 'Params_43.Template2DPar.ParTemplate2D.dummy_2', 'BPD', '2026-03-18 17:05:40.456'),
(452, 'Params_62.Template2DPar.SegHead.ref', 'BPD', '2026-03-18 17:05:40.456'),
(453, 'Params_43.Template2DPar.ParTemplate2D.dummy_4', 'BPD', '2026-03-18 17:05:40.456'),
(454, 'Params_43.Template2DPar.ParTemplate2D.dummy_3', 'BPD', '2026-03-18 17:05:40.456'),
(455, 'Params_44.Template2DPar.SegHead.version', 'BPD', '2026-03-18 17:05:40.456'),
(456, 'Params_43.Template2DPar.ParTemplate2D.dummy_6', 'BPD', '2026-03-18 17:05:40.456'),
(457, 'Params_43.Template2DPar.ParTemplate2D.dummy_5', 'BPD', '2026-03-18 17:05:40.456'),
(458, 'Params_64.TAN2StepPar6.ParTAN2Step.TAN2StepParams_3.ischallengestructured', 'BPD', '2026-03-18 17:05:40.456'),
(459, 'Params_54.Template2DPar.SegHead.seq', 'BPD', '2026-03-18 17:05:40.457'),
(460, 'Params_58.VoPCheckPar1.minsigs', 'BPD', '2026-03-18 17:05:40.457'),
(461, 'Params_66.PinTanPar2.ParPinTan.PinTanGV_38.segcode', 'BPD', '2026-03-18 17:05:40.457'),
(462, 'Params_57.Template2Par.maxnum', 'BPD', '2026-03-18 17:05:40.457'),
(463, 'Params_66.PinTanPar2.ParPinTan.PinTanGV_31.needtan', 'BPD', '2026-03-18 17:05:40.457'),
(464, 'Params_66.PinTanPar2.SegHead.ref', 'BPD', '2026-03-18 17:05:40.457'),
(465, 'Params_41.DauerLastSEPANewPar1.ParDauerLastSEPANew.minpretime', 'BPD', '2026-03-18 17:05:40.457'),
(466, 'Params_16.Template2DPar.minsigs', 'BPD', '2026-03-18 17:05:40.457'),
(467, 'Params_60.Template2DPar.SegHead.seq', 'BPD', '2026-03-18 17:05:40.457'),
(468, 'Params_33.UmbSEPAPar1.SegHead.ref', 'BPD', '2026-03-18 17:05:40.457'),
(469, 'Params_42.Template2DPar.secclass', 'BPD', '2026-03-18 17:05:40.457'),
(470, 'Params_9.TermUebSEPADelPar1.minsigs', 'BPD', '2026-03-18 17:05:40.457'),
(471, 'Params_45.Template2DPar.SegHead.seq', 'BPD', '2026-03-18 17:05:40.457'),
(472, 'Params.KontoauszugPar5.SegHead.code', 'BPD', '2026-03-18 17:05:40.457'),
(473, 'Params_64.TAN2StepPar6.ParTAN2Step.TAN2StepParams_3.secfunc', 'BPD', '2026-03-18 17:05:40.457'),
(474, 'Params_59.Template2DPar.SegHead.seq', 'BPD', '2026-03-18 17:05:40.457'),
(475, 'Params_14.SammelLastB2BSEPAPar1.ParSammelLastB2BSEPA.maxVorlZeitFNALRCUR', 'BPD', '2026-03-18 17:05:40.457'),
(476, 'Params_64.TAN2StepPar6.ParTAN2Step.TAN2StepParams_4.zkamethod_version', 'BPD', '2026-03-18 17:05:40.458'),
(477, 'Params_41.DauerLastSEPANewPar1.SegHead.seq', 'BPD', '2026-03-18 17:05:40.458'),
(478, 'Params_54.Template2DPar.SegHead.version', 'BPD', '2026-03-18 17:05:40.458'),
(479, 'Params_66.PinTanPar2.ParPinTan.PinTanGV_5.segcode', 'BPD', '2026-03-18 17:05:40.458'),
(480, 'Params_23.TermSammelUebSEPAPar1.SegHead.version', 'BPD', '2026-03-18 17:05:40.458'),
(481, 'Params_61.Template2DPar.SegHead.code', 'BPD', '2026-03-18 17:05:40.458'),
(482, 'Params_56.Template2Par.maxnum', 'BPD', '2026-03-18 17:05:40.458'),
(483, 'Params_32.TermUebSEPAPar1.maxnum', 'BPD', '2026-03-18 17:05:40.458'),
(484, 'Params.KontoauszugPar5.minsigs', 'BPD', '2026-03-18 17:05:40.458'),
(485, 'Params_19.Template2DPar.minsigs', 'BPD', '2026-03-18 17:05:40.458'),
(486, 'Params_66.PinTanPar2.ParPinTan.PinTanGV_42.segcode', 'BPD', '2026-03-18 17:05:40.458'),
(487, 'Params_64.TAN2StepPar6.ParTAN2Step.canmultitangvs', 'BPD', '2026-03-18 17:05:40.458'),
(488, 'Params_64.TAN2StepPar6.SegHead.code', 'BPD', '2026-03-18 17:05:40.458'),
(489, 'Params_40.DauerLastSEPAListPar1.SegHead.ref', 'BPD', '2026-03-18 17:05:40.458'),
(490, 'Params_61.Template2DPar.SegHead.seq', 'BPD', '2026-03-18 17:05:40.458'),
(491, 'Params_31.SammelUebSEPAPar1.SegHead.seq', 'BPD', '2026-03-18 17:05:40.458'),
(492, 'Params_8.TermUebSEPAListPar1.ParTermUebSEPAList.canmaxentries', 'BPD', '2026-03-18 17:05:40.458'),
(493, 'Params_66.PinTanPar2.minsigs', 'BPD', '2026-03-18 17:05:40.458'),
(494, 'Params_67.Template2DPar.ParTemplate2D.dummy', 'BPD', '2026-03-18 17:05:40.458'),
(495, 'Params_32.TermUebSEPAPar1.SegHead.seq', 'BPD', '2026-03-18 17:05:40.459'),
(496, 'Params_64.TAN2StepPar6.ParTAN2Step.TAN2StepParams_4.initmode', 'BPD', '2026-03-18 17:05:40.459'),
(497, 'Params_52.Template2DPar.SegHead.ref', 'BPD', '2026-03-18 17:05:40.459'),
(498, 'Params_28.Template2DPar.ParTemplate2D.dummy_3', 'BPD', '2026-03-18 17:05:40.459'),
(499, 'Params_28.Template2DPar.ParTemplate2D.dummy_2', 'BPD', '2026-03-18 17:05:40.459'),
(500, 'Params_7.TermUebSEPAEditPar1.SegHead.ref', 'BPD', '2026-03-18 17:05:40.459'),
(501, 'Params_64.TAN2StepPar6.ParTAN2Step.TAN2StepParams_4.nofactivetanmedia', 'BPD', '2026-03-18 17:05:40.459'),
(502, 'Params_28.Template2DPar.ParTemplate2D.dummy_5', 'BPD', '2026-03-18 17:05:40.459'),
(503, 'Params_28.Template2DPar.ParTemplate2D.dummy_4', 'BPD', '2026-03-18 17:05:40.459');

INSERT INTO parameterData (
    id, pdKey, pdType, updatedAt
) VALUES

(504, 'Params_11.SEPAInfoPar1.ParSEPAInfo.canstructusage', 'BPD', '2026-03-18 17:05:40.459'),
(505, 'Params_5.SaldoPar4.SegHead.ref', 'BPD', '2026-03-18 17:05:40.459'),
(506, 'Params_53.Template2DPar.SegHead.ref', 'BPD', '2026-03-18 17:05:40.459'),
(507, 'Params_39.KUmsZeitCamtPar1.ParKUmsZeitCamt.suppformats', 'BPD', '2026-03-18 17:05:40.459'),
(508, 'Params_46.Template2DPar.SegHead.ref', 'BPD', '2026-03-18 17:05:40.459'),
(509, 'Params_66.PinTanPar2.ParPinTan.PinTanGV_34.needtan', 'BPD', '2026-03-18 17:05:40.459'),
(510, 'Params_59.Template2DPar.SegHead.version', 'BPD', '2026-03-18 17:05:40.459'),
(511, 'Params_66.PinTanPar2.ParPinTan.tanlen_max', 'BPD', '2026-03-18 17:05:40.459'),
(512, 'Params_35.Template2Par.SegHead.code', 'BPD', '2026-03-18 17:05:40.459'),
(513, 'Params_4.ReceiptPar1.minsigs', 'BPD', '2026-03-18 17:05:40.460'),
(514, 'Params_67.Template2DPar.minsigs', 'BPD', '2026-03-18 17:05:40.460'),
(515, 'Params_28.Template2DPar.secclass', 'BPD', '2026-03-18 17:05:40.460'),
(516, 'Params_66.PinTanPar2.ParPinTan.PinTanGV_55.needtan', 'BPD', '2026-03-18 17:05:40.460'),
(517, 'Params_66.PinTanPar2.ParPinTan.PinTanGV_2.segcode', 'BPD', '2026-03-18 17:05:40.460'),
(518, 'Params_55.Template2DPar.SegHead.seq', 'BPD', '2026-03-18 17:05:40.460'),
(519, 'Params_30.Template2DPar.minsigs', 'BPD', '2026-03-18 17:05:40.460'),
(520, 'Params_54.Template2DPar.ParTemplate2D.dummy', 'BPD', '2026-03-18 17:05:40.460'),
(521, 'BPA.SegHead.version', 'BPD', '2026-03-18 17:05:40.460'),
(522, 'Params_66.PinTanPar2.ParPinTan.PinTanGV_23.needtan', 'BPD', '2026-03-18 17:05:40.460'),
(523, 'Params_65.TAN2StepPar7.ParTAN2Step.TAN2StepParams.need_hhducresponse', 'BPD', '2026-03-18 17:05:40.460'),
(524, 'Params_66.PinTanPar2.ParPinTan.PinTanGV_49.segcode', 'BPD', '2026-03-18 17:05:40.460'),
(525, 'Params_20.Template2DPar.ParTemplate2D.dummy', 'BPD', '2026-03-18 17:05:40.460'),
(526, 'Params_37.Template2DPar.SegHead.ref', 'BPD', '2026-03-18 17:05:40.460'),
(527, 'Params_3.Template2Par.minsigs', 'BPD', '2026-03-18 17:05:40.460'),
(528, 'Params_29.Template2DPar.SegHead.seq', 'BPD', '2026-03-18 17:05:40.460'),
(529, 'Params_25.WPDepotUmsPar5.SegHead.code', 'BPD', '2026-03-18 17:05:40.460'),
(530, 'Params_23.TermSammelUebSEPAPar1.ParTermSammelUebSEPA.maxnum', 'BPD', '2026-03-18 17:05:40.460'),
(531, 'Params_65.TAN2StepPar7.ParTAN2Step.TAN2StepParams.process', 'BPD', '2026-03-18 17:05:40.461'),
(532, 'Params_51.Template2Par.SegHead.version', 'BPD', '2026-03-18 17:05:40.461'),
(533, 'Params_68.Template2DPar.maxnum', 'BPD', '2026-03-18 17:05:40.461'),
(534, 'Params_64.TAN2StepPar6.ParTAN2Step.TAN2StepParams_4.name', 'BPD', '2026-03-18 17:05:40.461'),
(535, 'Params_7.TermUebSEPAEditPar1.minsigs', 'BPD', '2026-03-18 17:05:40.461'),
(536, 'Params_14.SammelLastB2BSEPAPar1.secclass', 'BPD', '2026-03-18 17:05:40.461'),
(537, 'Params_36.Template2DPar.SegHead.code', 'BPD', '2026-03-18 17:05:40.461'),
(538, 'Params.KontoauszugPar5.SegHead.version', 'BPD', '2026-03-18 17:05:40.461'),
(539, 'Params_66.PinTanPar2.ParPinTan.PinTanGV_50.segcode', 'BPD', '2026-03-18 17:05:40.461'),
(540, 'Params_64.TAN2StepPar6.ParTAN2Step.orderhashmode', 'BPD', '2026-03-18 17:05:40.461'),
(541, 'Params_6.SaldoPar7.SegHead.seq', 'BPD', '2026-03-18 17:05:40.461'),
(542, 'Params_4.ReceiptPar1.SegHead.version', 'BPD', '2026-03-18 17:05:40.461'),
(543, 'Params_3.Template2Par.secclassdummy', 'BPD', '2026-03-18 17:05:40.461'),
(544, 'Params_44.Template2DPar.ParTemplate2D.dummy_3', 'BPD', '2026-03-18 17:05:40.461'),
(545, 'Params_44.Template2DPar.ParTemplate2D.dummy_2', 'BPD', '2026-03-18 17:05:40.461'),
(546, 'Params_44.Template2DPar.ParTemplate2D.dummy_5', 'BPD', '2026-03-18 17:05:40.461'),
(547, 'Params_44.Template2DPar.ParTemplate2D.dummy_4', 'BPD', '2026-03-18 17:05:40.461'),
(548, 'Params_66.PinTanPar2.ParPinTan.PinTanGV_44.segcode', 'BPD', '2026-03-18 17:05:40.461'),
(549, 'Params_35.Template2Par.SegHead.ref', 'BPD', '2026-03-18 17:05:40.462'),
(550, 'Params_66.PinTanPar2.ParPinTan.PinTanGV_28.needtan', 'BPD', '2026-03-18 17:05:40.462'),
(551, 'Params_11.SEPAInfoPar1.ParSEPAInfo.suppformats', 'BPD', '2026-03-18 17:05:40.462'),
(552, 'Params_66.PinTanPar2.ParPinTan.PinTanGV_12.segcode', 'BPD', '2026-03-18 17:05:40.462'),
(553, 'Params_21.Template2DPar.minsigs', 'BPD', '2026-03-18 17:05:40.462'),
(554, 'Params_66.PinTanPar2.ParPinTan.PinTanGV_7.segcode', 'BPD', '2026-03-18 17:05:40.462'),
(555, 'Params_57.Template2Par.minsigs', 'BPD', '2026-03-18 17:05:40.462'),
(556, 'Params_31.SammelUebSEPAPar1.ParSammelUebSEPA.cansingletransfer', 'BPD', '2026-03-18 17:05:40.462'),
(557, 'CommListRes.SegHead.seq', 'BPD', '2026-03-18 17:05:40.462'),
(558, 'Params_64.TAN2StepPar6.ParTAN2Step.TAN2StepParams_2.cantandelay', 'BPD', '2026-03-18 17:05:40.462'),
(559, 'Params_14.SammelLastB2BSEPAPar1.SegHead.version', 'BPD', '2026-03-18 17:05:40.462'),
(560, 'Params_45.Template2DPar.ParTemplate2D.dummy_2', 'BPD', '2026-03-18 17:05:40.462'),
(561, 'Params_64.TAN2StepPar6.ParTAN2Step.TAN2StepParams_5.cantandelay', 'BPD', '2026-03-18 17:05:40.462'),
(562, 'Params_45.Template2DPar.ParTemplate2D.dummy_3', 'BPD', '2026-03-18 17:05:40.462'),
(563, 'Params_7.TermUebSEPAEditPar1.ParTermUebSEPAEdit.minpretime', 'BPD', '2026-03-18 17:05:40.462'),
(564, 'Params_64.TAN2StepPar6.ParTAN2Step.TAN2StepParams.zkamethod_name', 'BPD', '2026-03-18 17:05:40.462'),
(565, 'Params_26.WPDepotListPar6.maxnum', 'BPD', '2026-03-18 17:05:40.462'),
(566, 'Params_27.Template2DPar.maxnum', 'BPD', '2026-03-18 17:05:40.462'),
(567, 'CommListRes.CommParam_2.dienst', 'BPD', '2026-03-18 17:05:40.463'),
(568, 'Params_64.TAN2StepPar6.ParTAN2Step.TAN2StepParams_3.nofactivetanmedia', 'BPD', '2026-03-18 17:05:40.463'),
(569, 'Params_66.PinTanPar2.ParPinTan.PinTanGV_20.segcode', 'BPD', '2026-03-18 17:05:40.463'),
(570, 'Params_21.Template2DPar.SegHead.version', 'BPD', '2026-03-18 17:05:40.463'),
(571, 'Params_68.Template2DPar.ParTemplate2D.dummy', 'BPD', '2026-03-18 17:05:40.463'),
(572, 'Params_56.Template2Par.SegHead.ref', 'BPD', '2026-03-18 17:05:40.463'),
(573, 'Params_19.Template2DPar.SegHead.seq', 'BPD', '2026-03-18 17:05:40.463'),
(574, 'Params_28.Template2DPar.minsigs', 'BPD', '2026-03-18 17:05:40.463'),
(575, 'Params_60.Template2DPar.ParTemplate2D.dummy_3', 'BPD', '2026-03-18 17:05:40.463'),
(576, 'Params_60.Template2DPar.ParTemplate2D.dummy_2', 'BPD', '2026-03-18 17:05:40.463'),
(577, 'Params_58.VoPCheckPar1.maxnum', 'BPD', '2026-03-18 17:05:40.463'),
(578, 'Params_25.WPDepotUmsPar5.SegHead.ref', 'BPD', '2026-03-18 17:05:40.463'),
(579, 'Params_60.Template2DPar.ParTemplate2D.dummy_9', 'BPD', '2026-03-18 17:05:40.463'),
(580, 'Params_60.Template2DPar.ParTemplate2D.dummy_8', 'BPD', '2026-03-18 17:05:40.463'),
(581, 'Params_64.TAN2StepPar6.ParTAN2Step.TAN2StepParams_5.canstorno', 'BPD', '2026-03-18 17:05:40.463'),
(582, 'Params_60.Template2DPar.ParTemplate2D.dummy_7', 'BPD', '2026-03-18 17:05:40.463'),
(583, 'Params_66.PinTanPar2.ParPinTan.PinTanGV_19.segcode', 'BPD', '2026-03-18 17:05:40.463'),
(584, 'Params_60.Template2DPar.ParTemplate2D.dummy_6', 'BPD', '2026-03-18 17:05:40.463'),
(585, 'Params_60.Template2DPar.ParTemplate2D.dummy_5', 'BPD', '2026-03-18 17:05:40.463'),
(586, 'Params_60.Template2DPar.ParTemplate2D.dummy_4', 'BPD', '2026-03-18 17:05:40.463'),
(587, 'Params_66.PinTanPar2.ParPinTan.PinTanGV_12.needtan', 'BPD', '2026-03-18 17:05:40.463'),
(588, 'Params_21.Template2DPar.SegHead.seq', 'BPD', '2026-03-18 17:05:40.464'),
(589, 'Params_37.Template2DPar.ParTemplate2D.dummy_2', 'BPD', '2026-03-18 17:05:40.464'),
(590, 'Params_37.Template2DPar.ParTemplate2D.dummy_3', 'BPD', '2026-03-18 17:05:40.464'),
(591, 'Params_51.Template2Par.SegHead.ref', 'BPD', '2026-03-18 17:05:40.464'),
(592, 'Params_41.DauerLastSEPANewPar1.ParDauerLastSEPANew.suppformats', 'BPD', '2026-03-18 17:05:40.464'),
(593, 'CommListRes.deflang', 'BPD', '2026-03-18 17:05:40.464'),
(594, 'Params_66.PinTanPar2.ParPinTan.PinTanGV_47.needtan', 'BPD', '2026-03-18 17:05:40.464'),
(595, 'Params_34.SammelLastSEPAPar1.SegHead.version', 'BPD', '2026-03-18 17:05:40.464'),
(596, 'Params_64.TAN2StepPar6.ParTAN2Step.TAN2StepParams_2.needchallengeklass', 'BPD', '2026-03-18 17:05:40.464'),
(597, 'Params_39.KUmsZeitCamtPar1.SegHead.code', 'BPD', '2026-03-18 17:05:40.464'),
(598, 'Params_34.SammelLastSEPAPar1.ParSammelLastSEPA.minVorlZeitFRSTOOFF', 'BPD', '2026-03-18 17:05:40.464'),
(599, 'Params_20.Template2DPar.ParTemplate2D.dummy_2', 'BPD', '2026-03-18 17:05:40.464'),
(600, 'Params_64.TAN2StepPar6.ParTAN2Step.TAN2StepParams_3.need_hhducresponse', 'BPD', '2026-03-18 17:05:40.464'),
(601, 'Params_26.WPDepotListPar6.secclass', 'BPD', '2026-03-18 17:05:40.464'),
(602, 'Params_41.DauerLastSEPANewPar1.ParDauerLastSEPANew.daysperweek', 'BPD', '2026-03-18 17:05:40.464'),
(603, 'Params_34.SammelLastSEPAPar1.ParSammelLastSEPA.maxVorlZeitFNALRCUR', 'BPD', '2026-03-18 17:05:40.464'),
(604, 'Params_66.PinTanPar2.ParPinTan.PinTanGV_31.segcode', 'BPD', '2026-03-18 17:05:40.464'),
(605, 'Params_15.Template2DPar.SegHead.seq', 'BPD', '2026-03-18 17:05:40.465'),
(606, 'Params_11.SEPAInfoPar1.secclass', 'BPD', '2026-03-18 17:05:40.465'),
(607, 'Params_6.SaldoPar7.SegHead.code', 'BPD', '2026-03-18 17:05:40.465'),
(608, 'Params_65.TAN2StepPar7.SegHead.ref', 'BPD', '2026-03-18 17:05:40.465'),
(609, 'Params_4.ReceiptPar1.SegHead.seq', 'BPD', '2026-03-18 17:05:40.465'),
(610, 'Params_31.SammelUebSEPAPar1.minsigs', 'BPD', '2026-03-18 17:05:40.465'),
(611, 'Params_66.PinTanPar2.ParPinTan.PinTanGV_25.segcode', 'BPD', '2026-03-18 17:05:40.465'),
(612, 'Params_66.PinTanPar2.ParPinTan.PinTanGV_55.segcode', 'BPD', '2026-03-18 17:05:40.465'),
(613, 'Params_64.TAN2StepPar6.ParTAN2Step.TAN2StepParams_2.nofactivetanmedia', 'BPD', '2026-03-18 17:05:40.465'),
(614, 'Params_61.Template2DPar.ParTemplate2D.dummy_11', 'BPD', '2026-03-18 17:05:40.465'),
(615, 'Params_61.Template2DPar.ParTemplate2D.dummy_10', 'BPD', '2026-03-18 17:05:40.465'),
(616, 'Params_39.KUmsZeitCamtPar1.SegHead.ref', 'BPD', '2026-03-18 17:05:40.465'),
(617, 'Params_61.Template2DPar.ParTemplate2D.dummy_12', 'BPD', '2026-03-18 17:05:40.465'),
(618, 'Params_62.Template2DPar.ParTemplate2D.dummy', 'BPD', '2026-03-18 17:05:40.465'),
(619, 'Params_66.PinTanPar2.ParPinTan.PinTanGV_17.needtan', 'BPD', '2026-03-18 17:05:40.465'),
(620, 'Params_66.PinTanPar2.ParPinTan.PinTanGV_5.needtan', 'BPD', '2026-03-18 17:05:40.465'),
(621, 'BPA.kiname', 'BPD', '2026-03-18 17:05:40.465'),
(622, 'BPA.SegHead.seq', 'BPD', '2026-03-18 17:05:40.465'),
(623, 'Params_37.Template2DPar.minsigs', 'BPD', '2026-03-18 17:05:40.466'),
(624, 'Params_64.TAN2StepPar6.ParTAN2Step.TAN2StepParams_4.canstorno', 'BPD', '2026-03-18 17:05:40.466'),
(625, 'Params_23.TermSammelUebSEPAPar1.SegHead.ref', 'BPD', '2026-03-18 17:05:40.466'),
(626, 'Params_52.Template2DPar.ParTemplate2D.dummy_2', 'BPD', '2026-03-18 17:05:40.466'),
(627, 'Params_52.Template2DPar.ParTemplate2D.dummy_3', 'BPD', '2026-03-18 17:05:40.466'),
(628, 'Params_52.Template2DPar.ParTemplate2D.dummy_4', 'BPD', '2026-03-18 17:05:40.466'),
(629, 'Params_11.SEPAInfoPar1.ParSEPAInfo.cansingleaccquery', 'BPD', '2026-03-18 17:05:40.466'),
(630, 'Params_11.SEPAInfoPar1.SegHead.ref', 'BPD', '2026-03-18 17:05:40.466'),
(631, 'Params_64.TAN2StepPar6.minsigs', 'BPD', '2026-03-18 17:05:40.466'),
(632, 'Params_41.DauerLastSEPANewPar1.SegHead.code', 'BPD', '2026-03-18 17:05:40.466'),
(633, 'BPA.maxmsgsize', 'BPD', '2026-03-18 17:05:40.466'),
(634, 'Params_15.Template2DPar.SegHead.code', 'BPD', '2026-03-18 17:05:40.466'),
(635, 'Params_64.TAN2StepPar6.ParTAN2Step.TAN2StepParams.ischallengestructured', 'BPD', '2026-03-18 17:05:40.466'),
(636, 'Params_5.SaldoPar4.SegHead.version', 'BPD', '2026-03-18 17:05:40.466'),
(637, 'Params_33.UmbSEPAPar1.maxnum', 'BPD', '2026-03-18 17:05:40.466'),
(638, 'Params_64.TAN2StepPar6.ParTAN2Step.TAN2StepParams_5.id', 'BPD', '2026-03-18 17:05:40.466'),
(639, 'Params_54.Template2DPar.secclass', 'BPD', '2026-03-18 17:05:40.466'),
(640, 'Params_50.Template2DPar.SegHead.ref', 'BPD', '2026-03-18 17:05:40.466'),
(641, 'Params_33.UmbSEPAPar1.SegHead.version', 'BPD', '2026-03-18 17:05:40.467'),
(642, 'Params_48.Template2Par.SegHead.ref', 'BPD', '2026-03-18 17:05:40.467'),
(643, 'Params_64.TAN2StepPar6.ParTAN2Step.TAN2StepParams_2.tanformat', 'BPD', '2026-03-18 17:05:40.467'),
(644, 'Params_53.Template2DPar.minsigs', 'BPD', '2026-03-18 17:05:40.467'),
(645, 'Params_12.LastSEPAPar1.ParTermSepaEinzelLast.minVorlZeitFRSTOOFF', 'BPD', '2026-03-18 17:05:40.467'),
(646, 'Params_66.PinTanPar2.ParPinTan.info_userid', 'BPD', '2026-03-18 17:05:40.467'),
(647, 'Params_13.LastB2BSEPAPar1.SegHead.ref', 'BPD', '2026-03-18 17:05:40.467'),
(648, 'Params_64.TAN2StepPar6.ParTAN2Step.TAN2StepParams_2.canstorno', 'BPD', '2026-03-18 17:05:40.467'),
(649, 'Params_64.TAN2StepPar6.ParTAN2Step.TAN2StepParams_5.secfunc', 'BPD', '2026-03-18 17:05:40.467'),
(650, 'Params_61.Template2DPar.SegHead.version', 'BPD', '2026-03-18 17:05:40.467'),
(651, 'Params_58.VoPCheckPar1.ParVoPCheck.entrycountallowed', 'BPD', '2026-03-18 17:05:40.467'),
(652, 'Params_21.Template2DPar.ParTemplate2D.dummy', 'BPD', '2026-03-18 17:05:40.467'),
(653, 'Params_66.PinTanPar2.ParPinTan.PinTanGV_33.needtan', 'BPD', '2026-03-18 17:05:40.468'),
(654, 'Params_28.Template2DPar.SegHead.ref', 'BPD', '2026-03-18 17:05:40.468'),
(655, 'Params_12.LastSEPAPar1.SegHead.seq', 'BPD', '2026-03-18 17:05:40.468'),
(656, 'Params_19.Template2DPar.maxnum', 'BPD', '2026-03-18 17:05:40.468'),
(657, 'Params_64.TAN2StepPar6.ParTAN2Step.TAN2StepParams_2.needorderaccount', 'BPD', '2026-03-18 17:05:40.468'),
(658, 'Params_14.SammelLastB2BSEPAPar1.ParSammelLastB2BSEPA.maxnum', 'BPD', '2026-03-18 17:05:40.468'),
(659, 'Params_61.Template2DPar.secclass', 'BPD', '2026-03-18 17:05:40.468'),
(660, 'Params_47.InstUebSEPAPar1.SegHead.seq', 'BPD', '2026-03-18 17:05:40.468'),
(661, 'Params_38.Template2DPar.SegHead.version', 'BPD', '2026-03-18 17:05:40.468'),
(662, 'Params_14.SammelLastB2BSEPAPar1.SegHead.code', 'BPD', '2026-03-18 17:05:40.468'),
(663, 'Params_66.PinTanPar2.ParPinTan.PinTanGV_39.needtan', 'BPD', '2026-03-18 17:05:40.468'),
(664, 'Params_6.SaldoPar7.maxnum', 'BPD', '2026-03-18 17:05:40.468'),
(665, 'Params_22.Template2DPar.secclass', 'BPD', '2026-03-18 17:05:40.468'),
(666, 'Params_18.Template2DPar.secclass', 'BPD', '2026-03-18 17:05:40.468'),
(667, 'Params_64.TAN2StepPar6.ParTAN2Step.TAN2StepParams_5.needchallengeklass', 'BPD', '2026-03-18 17:05:40.468'),
(668, 'Params_42.Template2DPar.maxnum', 'BPD', '2026-03-18 17:05:40.468'),
(669, 'Params_18.Template2DPar.minsigs', 'BPD', '2026-03-18 17:05:40.468'),
(670, 'Params_66.PinTanPar2.ParPinTan.PinTanGV_39.segcode', 'BPD', '2026-03-18 17:05:40.468'),
(671, 'Params_46.Template2DPar.SegHead.code', 'BPD', '2026-03-18 17:05:40.468'),
(672, 'Params_12.LastSEPAPar1.ParTermSepaEinzelLast.minVorlZeitFNALRCUR', 'BPD', '2026-03-18 17:05:40.468'),
(673, 'Params_48.Template2Par.secclassdummy', 'BPD', '2026-03-18 17:05:40.468'),
(674, 'Params_34.SammelLastSEPAPar1.SegHead.ref', 'BPD', '2026-03-18 17:05:40.468'),
(675, 'Params_35.Template2Par.SegHead.version', 'BPD', '2026-03-18 17:05:40.469'),
(676, 'Params_24.Template2Par.maxnum', 'BPD', '2026-03-18 17:05:40.469'),
(677, 'Params_66.PinTanPar2.ParPinTan.PinTanGV_36.segcode', 'BPD', '2026-03-18 17:05:40.469'),
(678, 'Params_65.TAN2StepPar7.ParTAN2Step.TAN2StepParams.zkamethod_name', 'BPD', '2026-03-18 17:05:40.469'),
(679, 'Params_64.TAN2StepPar6.ParTAN2Step.TAN2StepParams_2.secfunc', 'BPD', '2026-03-18 17:05:40.469'),
(680, 'Params_2.ChangePINPar1.SegHead.seq', 'BPD', '2026-03-18 17:05:40.469'),
(681, 'SecMethod.SuppSecMethods_2.method', 'BPD', '2026-03-18 17:05:40.469'),
(682, 'Params_39.KUmsZeitCamtPar1.SegHead.version', 'BPD', '2026-03-18 17:05:40.469'),
(683, 'Params_66.PinTanPar2.ParPinTan.PinTanGV_36.needtan', 'BPD', '2026-03-18 17:05:40.469'),
(684, 'Params_11.SEPAInfoPar1.minsigs', 'BPD', '2026-03-18 17:05:40.469'),
(685, 'SecMethod.SegHead.seq', 'BPD', '2026-03-18 17:05:40.469'),
(686, 'Params_66.PinTanPar2.ParPinTan.PinTanGV_30.segcode', 'BPD', '2026-03-18 17:05:40.469'),
(687, 'Params_36.Template2DPar.SegHead.ref', 'BPD', '2026-03-18 17:05:40.469'),
(688, 'Params_8.TermUebSEPAListPar1.secclass', 'BPD', '2026-03-18 17:05:40.469'),
(689, 'Params_3.Template2Par.SegHead.seq', 'BPD', '2026-03-18 17:05:40.469'),
(690, 'Params_60.Template2DPar.ParTemplate2D.dummy', 'BPD', '2026-03-18 17:05:40.469'),
(691, 'Params_66.PinTanPar2.ParPinTan.PinTanGV_25.needtan', 'BPD', '2026-03-18 17:05:40.469'),
(692, 'Params_41.DauerLastSEPANewPar1.ParDauerLastSEPANew.allowed_types', 'BPD', '2026-03-18 17:05:40.470'),
(693, 'Params_35.Template2Par.SegHead.seq', 'BPD', '2026-03-18 17:05:40.470'),
(694, 'Params_66.PinTanPar2.ParPinTan.PinTanGV_11.segcode', 'BPD', '2026-03-18 17:05:40.470'),
(695, 'Params_10.UebSEPAPar1.SegHead.ref', 'BPD', '2026-03-18 17:05:40.470'),
(696, 'Params_58.VoPCheckPar1.ParVoPCheck.suppreports', 'BPD', '2026-03-18 17:05:40.470'),
(697, 'SecMethod.mixing', 'BPD', '2026-03-18 17:05:40.470'),
(698, 'Params_54.Template2DPar.maxnum', 'BPD', '2026-03-18 17:05:40.470'),
(699, 'Params_26.WPDepotListPar6.ParWPDepotList.cancurr', 'BPD', '2026-03-18 17:05:40.470'),
(700, 'Params_58.VoPCheckPar1.ParVoPCheck.infotextformatted', 'BPD', '2026-03-18 17:05:40.470'),
(701, 'Params_4.ReceiptPar1.SegHead.code', 'BPD', '2026-03-18 17:05:40.470'),
(702, 'Params_61.Template2DPar.ParTemplate2D.dummy_9', 'BPD', '2026-03-18 17:05:40.470'),
(703, 'Params_64.TAN2StepPar6.ParTAN2Step.TAN2StepParams_5.needorderaccount', 'BPD', '2026-03-18 17:05:40.470'),
(704, 'Params_61.Template2DPar.ParTemplate2D.dummy_8', 'BPD', '2026-03-18 17:05:40.470'),
(705, 'Params_61.Template2DPar.ParTemplate2D.dummy_7', 'BPD', '2026-03-18 17:05:40.470'),
(706, 'Params_61.Template2DPar.ParTemplate2D.dummy_6', 'BPD', '2026-03-18 17:05:40.470'),
(707, 'Params_49.Template2DPar.ParTemplate2D.dummy', 'BPD', '2026-03-18 17:05:40.470'),
(708, 'Params_61.Template2DPar.ParTemplate2D.dummy_5', 'BPD', '2026-03-18 17:05:40.470'),
(709, 'Params_61.Template2DPar.ParTemplate2D.dummy_4', 'BPD', '2026-03-18 17:05:40.470'),
(710, 'Params_61.Template2DPar.ParTemplate2D.dummy', 'BPD', '2026-03-18 17:05:40.471'),
(711, 'Params_61.Template2DPar.ParTemplate2D.dummy_3', 'BPD', '2026-03-18 17:05:40.471'),
(712, 'Params_61.Template2DPar.ParTemplate2D.dummy_2', 'BPD', '2026-03-18 17:05:40.471'),
(713, 'Params_23.TermSammelUebSEPAPar1.ParTermSammelUebSEPA.cansingletransfer', 'BPD', '2026-03-18 17:05:40.471'),
(714, 'Params_65.TAN2StepPar7.SegHead.code', 'BPD', '2026-03-18 17:05:40.471'),
(715, 'Params_15.Template2DPar.maxnum', 'BPD', '2026-03-18 17:05:40.471'),
(716, 'Params.KontoauszugPar5.maxnum', 'BPD', '2026-03-18 17:05:40.471'),
(717, 'Params_42.Template2DPar.SegHead.ref', 'BPD', '2026-03-18 17:05:40.471'),
(718, 'Params_64.TAN2StepPar6.ParTAN2Step.TAN2StepParams_5.process', 'BPD', '2026-03-18 17:05:40.471'),
(719, 'Params_27.Template2DPar.SegHead.ref', 'BPD', '2026-03-18 17:05:40.471'),
(720, 'Params_10.UebSEPAPar1.maxnum', 'BPD', '2026-03-18 17:05:40.471'),
(721, 'Params_66.PinTanPar2.ParPinTan.PinTanGV_33.segcode', 'BPD', '2026-03-18 17:05:40.471'),
(722, 'Params_66.PinTanPar2.ParPinTan.PinTanGV_47.segcode', 'BPD', '2026-03-18 17:05:40.471'),
(723, 'Params_65.TAN2StepPar7.ParTAN2Step.TAN2StepParams.canstorno', 'BPD', '2026-03-18 17:05:40.471'),
(724, 'Params_58.VoPCheckPar1.SegHead.ref', 'BPD', '2026-03-18 17:05:40.471'),
(725, 'Params_43.Template2DPar.SegHead.ref', 'BPD', '2026-03-18 17:05:40.471'),
(726, 'Params_39.KUmsZeitCamtPar1.maxnum', 'BPD', '2026-03-18 17:05:40.471'),
(727, 'Params_9.TermUebSEPADelPar1.SegHead.seq', 'BPD', '2026-03-18 17:05:40.471'),
(728, 'Params_66.PinTanPar2.ParPinTan.PinTanGV_14.segcode', 'BPD', '2026-03-18 17:05:40.471'),
(729, 'Params_58.VoPCheckPar1.ParVoPCheck.multiallowed', 'BPD', '2026-03-18 17:05:40.471'),
(730, 'Params_68.Template2DPar.ParTemplate2D.dummy_3', 'BPD', '2026-03-18 17:05:40.471'),
(731, 'Params_35.Template2Par.secclassdummy', 'BPD', '2026-03-18 17:05:40.471'),
(732, 'Params_27.Template2DPar.SegHead.code', 'BPD', '2026-03-18 17:05:40.471'),
(733, 'Params_68.Template2DPar.ParTemplate2D.dummy_2', 'BPD', '2026-03-18 17:05:40.471'),
(734, 'Params_48.Template2Par.minsigs', 'BPD', '2026-03-18 17:05:40.471'),
(735, 'Params_16.Template2DPar.ParTemplate2D.dummy', 'BPD', '2026-03-18 17:05:40.471'),
(736, 'Params_68.Template2DPar.ParTemplate2D.dummy_9', 'BPD', '2026-03-18 17:05:40.473'),
(737, 'Params_68.Template2DPar.ParTemplate2D.dummy_8', 'BPD', '2026-03-18 17:05:40.473'),
(738, 'Params_66.PinTanPar2.ParPinTan.PinTanGV_58.needtan', 'BPD', '2026-03-18 17:05:40.473'),
(739, 'Params_68.Template2DPar.ParTemplate2D.dummy_5', 'BPD', '2026-03-18 17:05:40.473'),
(740, 'Params_68.Template2DPar.ParTemplate2D.dummy_4', 'BPD', '2026-03-18 17:05:40.473'),
(741, 'Params_68.Template2DPar.ParTemplate2D.dummy_7', 'BPD', '2026-03-18 17:05:40.473'),
(742, 'Params_44.Template2DPar.SegHead.ref', 'BPD', '2026-03-18 17:05:40.473'),
(743, 'Params_68.Template2DPar.ParTemplate2D.dummy_6', 'BPD', '2026-03-18 17:05:40.473'),
(744, 'Params_29.Template2DPar.SegHead.ref', 'BPD', '2026-03-18 17:05:40.473'),
(745, 'Params_66.PinTanPar2.secclass', 'BPD', '2026-03-18 17:05:40.473'),
(746, 'Params_9.TermUebSEPADelPar1.secclass', 'BPD', '2026-03-18 17:05:40.473'),
(747, 'Params_49.Template2DPar.SegHead.seq', 'BPD', '2026-03-18 17:05:40.473'),
(748, 'Params_63.Template2DPar.ParTemplate2D.dummy_9', 'BPD', '2026-03-18 17:05:40.473'),
(749, 'Params_52.Template2DPar.maxnum', 'BPD', '2026-03-18 17:05:40.473'),
(750, 'Params_55.Template2DPar.ParTemplate2D.dummy', 'BPD', '2026-03-18 17:05:40.473'),
(751, 'Params_63.Template2DPar.ParTemplate2D.dummy_7', 'BPD', '2026-03-18 17:05:40.473'),
(752, 'CommListRes.SegHead.code', 'BPD', '2026-03-18 17:05:40.473'),
(753, 'Params_63.Template2DPar.ParTemplate2D.dummy_8', 'BPD', '2026-03-18 17:05:40.473');

INSERT INTO parameterData (
    id, pdKey, pdType, updatedAt
) VALUES

(754, 'Params_63.Template2DPar.ParTemplate2D.dummy_5', 'BPD', '2026-03-18 17:05:40.474'),
(755, 'Params_34.SammelLastSEPAPar1.secclass', 'BPD', '2026-03-18 17:05:40.474'),
(756, 'Params_63.Template2DPar.ParTemplate2D.dummy_6', 'BPD', '2026-03-18 17:05:40.474'),
(757, 'Params_8.TermUebSEPAListPar1.SegHead.ref', 'BPD', '2026-03-18 17:05:40.474'),
(758, 'Params_63.Template2DPar.ParTemplate2D.dummy_3', 'BPD', '2026-03-18 17:05:40.474'),
(759, 'Params_63.Template2DPar.ParTemplate2D.dummy_4', 'BPD', '2026-03-18 17:05:40.474'),
(760, 'Params_63.Template2DPar.ParTemplate2D.dummy_2', 'BPD', '2026-03-18 17:05:40.474'),
(761, 'Params_60.Template2DPar.SegHead.code', 'BPD', '2026-03-18 17:05:40.474'),
(762, 'Params_11.SEPAInfoPar1.SegHead.version', 'BPD', '2026-03-18 17:05:40.474'),
(763, 'Params_17.Template2DPar.maxnum', 'BPD', '2026-03-18 17:05:40.474'),
(764, 'Params_63.Template2DPar.SegHead.seq', 'BPD', '2026-03-18 17:05:40.474'),
(765, 'Params_66.PinTanPar2.ParPinTan.PinTanGV_22.needtan', 'BPD', '2026-03-18 17:05:40.474'),
(766, 'Params_25.WPDepotUmsPar5.minsigs', 'BPD', '2026-03-18 17:05:40.474'),
(767, 'Params_46.Template2DPar.ParTemplate2D.dummy_4', 'BPD', '2026-03-18 17:05:40.474'),
(768, 'Params_46.Template2DPar.ParTemplate2D.dummy_5', 'BPD', '2026-03-18 17:05:40.474'),
(769, 'Params_46.Template2DPar.ParTemplate2D.dummy_6', 'BPD', '2026-03-18 17:05:40.474'),
(770, 'Params_46.Template2DPar.ParTemplate2D.dummy_7', 'BPD', '2026-03-18 17:05:40.475'),
(771, 'Params_66.PinTanPar2.ParPinTan.PinTanGV_17.segcode', 'BPD', '2026-03-18 17:05:40.475'),
(772, 'BPA.KIK.country', 'BPD', '2026-03-18 17:05:40.475'),
(773, 'Params_21.Template2DPar.SegHead.code', 'BPD', '2026-03-18 17:05:40.475'),
(774, 'Params_37.Template2DPar.secclass', 'BPD', '2026-03-18 17:05:40.475'),
(775, 'Params_64.TAN2StepPar6.ParTAN2Step.TAN2StepParams_5.initmode', 'BPD', '2026-03-18 17:05:40.475'),
(776, 'Params_12.LastSEPAPar1.maxnum', 'BPD', '2026-03-18 17:05:40.475'),
(777, 'Params_22.Template2DPar.SegHead.seq', 'BPD', '2026-03-18 17:05:40.475'),
(778, 'Params_66.PinTanPar2.ParPinTan.PinTanGV_58.segcode', 'BPD', '2026-03-18 17:05:40.475'),
(779, 'Params_42.Template2DPar.ParTemplate2D.dummy', 'BPD', '2026-03-18 17:05:40.475'),
(780, 'Params_66.PinTanPar2.ParPinTan.PinTanGV_14.needtan', 'BPD', '2026-03-18 17:05:40.475'),
(781, 'Params_46.Template2DPar.ParTemplate2D.dummy_2', 'BPD', '2026-03-18 17:05:40.475'),
(782, 'Params_34.SammelLastSEPAPar1.SegHead.code', 'BPD', '2026-03-18 17:05:40.475'),
(783, 'Params_66.PinTanPar2.ParPinTan.PinTanGV_41.segcode', 'BPD', '2026-03-18 17:05:40.475'),
(784, 'Params_46.Template2DPar.ParTemplate2D.dummy_3', 'BPD', '2026-03-18 17:05:40.476'),
(785, 'Params_50.Template2DPar.maxnum', 'BPD', '2026-03-18 17:05:40.476'),
(786, 'Params_29.Template2DPar.maxnum', 'BPD', '2026-03-18 17:05:40.476'),
(787, 'Params_64.TAN2StepPar6.ParTAN2Step.TAN2StepParams.need_hhducresponse', 'BPD', '2026-03-18 17:05:40.476'),
(788, 'BPA.version', 'BPD', '2026-03-18 17:05:40.476'),
(789, 'Params_39.KUmsZeitCamtPar1.ParKUmsZeitCamt.canmaxentries', 'BPD', '2026-03-18 17:05:40.476'),
(790, 'SecMethod.SegHead.code', 'BPD', '2026-03-18 17:05:40.476'),
(791, 'Params_17.Template2DPar.ParTemplate2D.dummy', 'BPD', '2026-03-18 17:05:40.476'),
(792, 'Params_12.LastSEPAPar1.ParTermSepaEinzelLast.maxVorlZeitFRSTOOFF', 'BPD', '2026-03-18 17:05:40.476'),
(793, 'Params_24.Template2Par.SegHead.code', 'BPD', '2026-03-18 17:05:40.476'),
(794, 'Params_34.SammelLastSEPAPar1.minsigs', 'BPD', '2026-03-18 17:05:40.476'),
(795, 'Params_66.PinTanPar2.ParPinTan.PinTanGV_52.needtan', 'BPD', '2026-03-18 17:05:40.476'),
(796, 'Params_46.Template2DPar.SegHead.version', 'BPD', '2026-03-18 17:05:40.476'),
(797, 'Params_64.TAN2StepPar6.ParTAN2Step.TAN2StepParams_3.id', 'BPD', '2026-03-18 17:05:40.476'),
(798, 'Params_33.UmbSEPAPar1.secclass', 'BPD', '2026-03-18 17:05:40.476'),
(799, 'Params_66.PinTanPar2.ParPinTan.PinTanGV_50.needtan', 'BPD', '2026-03-18 17:05:40.476'),
(800, 'Params_24.Template2Par.minsigs', 'BPD', '2026-03-18 17:05:40.476'),
(801, 'Params_22.Template2DPar.ParTemplate2D.dummy', 'BPD', '2026-03-18 17:05:40.477'),
(802, 'Params_18.Template2DPar.SegHead.ref', 'BPD', '2026-03-18 17:05:40.477'),
(803, 'Params_66.PinTanPar2.ParPinTan.PinTanGV_53.segcode', 'BPD', '2026-03-18 17:05:40.477'),
(804, 'Params_32.TermUebSEPAPar1.minsigs', 'BPD', '2026-03-18 17:05:40.477'),
(805, 'Params_47.InstUebSEPAPar1.ParUmbSepa.suppformats', 'BPD', '2026-03-18 17:05:40.477'),
(806, 'Params_14.SammelLastB2BSEPAPar1.SegHead.ref', 'BPD', '2026-03-18 17:05:40.477'),
(807, 'Params_11.SEPAInfoPar1.SegHead.code', 'BPD', '2026-03-18 17:05:40.477'),
(808, 'Params_64.TAN2StepPar6.ParTAN2Step.TAN2StepParams.needsmsaccount', 'BPD', '2026-03-18 17:05:40.477'),
(809, 'Params.KontoauszugPar5.SegHead.seq', 'BPD', '2026-03-18 17:05:40.477'),
(810, 'Params_40.DauerLastSEPAListPar1.ParDauerLastSEPAList.maxentries_allowed', 'BPD', '2026-03-18 17:05:40.477'),
(811, 'Params_6.SaldoPar7.SegHead.version', 'BPD', '2026-03-18 17:05:40.477'),
(812, 'Params_66.PinTanPar2.ParPinTan.PinTanGV_7.needtan', 'BPD', '2026-03-18 17:05:40.477'),
(813, 'Params_67.Template2DPar.secclass', 'BPD', '2026-03-18 17:05:40.477'),
(814, 'Params_44.Template2DPar.secclass', 'BPD', '2026-03-18 17:05:40.477'),
(815, 'Params_57.Template2Par.SegHead.code', 'BPD', '2026-03-18 17:05:40.477'),
(816, 'Params_23.TermSammelUebSEPAPar1.ParTermSammelUebSEPA.minVorlZeit', 'BPD', '2026-03-18 17:05:40.477'),
(817, 'Params_66.PinTanPar2.ParPinTan.PinTanGV_19.needtan', 'BPD', '2026-03-18 17:05:40.477'),
(818, 'Params_34.SammelLastSEPAPar1.ParSammelLastSEPA.needtotal', 'BPD', '2026-03-18 17:05:40.478'),
(819, 'Params_66.PinTanPar2.ParPinTan.PinTanGV.needtan', 'BPD', '2026-03-18 17:05:40.478'),
(820, 'Params_66.PinTanPar2.ParPinTan.PinTanGV_4.segcode', 'BPD', '2026-03-18 17:05:40.478'),
(821, 'Params_11.SEPAInfoPar1.ParSEPAInfo.suppformats_11', 'BPD', '2026-03-18 17:05:40.478'),
(822, 'Params_11.SEPAInfoPar1.ParSEPAInfo.suppformats_10', 'BPD', '2026-03-18 17:05:40.478'),
(823, 'Params_11.SEPAInfoPar1.ParSEPAInfo.suppformats_12', 'BPD', '2026-03-18 17:05:40.478'),
(824, 'Params_67.Template2DPar.ParTemplate2D.dummy_9', 'BPD', '2026-03-18 17:05:40.478'),
(825, 'Params_67.Template2DPar.ParTemplate2D.dummy_6', 'BPD', '2026-03-18 17:05:40.478'),
(826, 'Params_67.Template2DPar.ParTemplate2D.dummy_5', 'BPD', '2026-03-18 17:05:40.478'),
(827, 'Params_14.SammelLastB2BSEPAPar1.minsigs', 'BPD', '2026-03-18 17:05:40.478'),
(828, 'Params_67.Template2DPar.ParTemplate2D.dummy_8', 'BPD', '2026-03-18 17:05:40.478'),
(829, 'Params_67.Template2DPar.ParTemplate2D.dummy_7', 'BPD', '2026-03-18 17:05:40.478'),
(830, 'Params_66.PinTanPar2.ParPinTan.pinlen_max', 'BPD', '2026-03-18 17:05:40.478'),
(831, 'Params_67.Template2DPar.ParTemplate2D.dummy_2', 'BPD', '2026-03-18 17:05:40.478'),
(832, 'Params_45.Template2DPar.SegHead.code', 'BPD', '2026-03-18 17:05:40.478'),
(833, 'Params_67.Template2DPar.ParTemplate2D.dummy_4', 'BPD', '2026-03-18 17:05:40.478'),
(834, 'Params_60.Template2DPar.ParTemplate2D.dummy_11', 'BPD', '2026-03-18 17:05:40.478'),
(835, 'Params_67.Template2DPar.ParTemplate2D.dummy_3', 'BPD', '2026-03-18 17:05:40.478'),
(836, 'Params_60.Template2DPar.ParTemplate2D.dummy_12', 'BPD', '2026-03-18 17:05:40.479'),
(837, 'Params_60.Template2DPar.ParTemplate2D.dummy_10', 'BPD', '2026-03-18 17:05:40.479'),
(838, 'Params_22.Template2DPar.SegHead.code', 'BPD', '2026-03-18 17:05:40.479'),
(839, 'Params_65.TAN2StepPar7.secclass', 'BPD', '2026-03-18 17:05:40.479'),
(840, 'Params_66.PinTanPar2.ParPinTan.PinTanGV_44.needtan', 'BPD', '2026-03-18 17:05:40.479'),
(841, 'Params_64.TAN2StepPar6.ParTAN2Step.TAN2StepParams_5.nofactivetanmedia', 'BPD', '2026-03-18 17:05:40.479'),
(842, 'Params_64.TAN2StepPar6.ParTAN2Step.TAN2StepParams_2.need_hhducresponse', 'BPD', '2026-03-18 17:05:40.479'),
(843, 'Params_12.LastSEPAPar1.ParTermSepaEinzelLast.maxVorlZeitFNALRCUR', 'BPD', '2026-03-18 17:05:40.479'),
(844, 'Params_19.Template2DPar.ParTemplate2D.dummy_2', 'BPD', '2026-03-18 17:05:40.479'),
(845, 'Params_30.Template2DPar.ParTemplate2D.dummy_2', 'BPD', '2026-03-18 17:05:40.479'),
(846, 'Params_15.Template2DPar.secclass', 'BPD', '2026-03-18 17:05:40.479'),
(847, 'Params_66.PinTanPar2.ParPinTan.PinTanGV_52.segcode', 'BPD', '2026-03-18 17:05:40.479'),
(848, 'Params_49.Template2DPar.minsigs', 'BPD', '2026-03-18 17:05:40.479'),
(849, 'Params_46.Template2DPar.maxnum', 'BPD', '2026-03-18 17:05:40.479'),
(850, 'Params_56.Template2Par.minsigs', 'BPD', '2026-03-18 17:05:40.479'),
(851, 'Params_66.PinTanPar2.ParPinTan.PinTanGV_28.segcode', 'BPD', '2026-03-18 17:05:40.479'),
(852, 'Params_30.Template2DPar.SegHead.seq', 'BPD', '2026-03-18 17:05:40.479'),
(853, 'Params_66.PinTanPar2.ParPinTan.PinTanGV_8.needtan', 'BPD', '2026-03-18 17:05:40.480'),
(854, 'Params_32.TermUebSEPAPar1.SegHead.version', 'BPD', '2026-03-18 17:05:40.480'),
(855, 'Params_33.UmbSEPAPar1.ParUmbSepa.PurposeCodes', 'BPD', '2026-03-18 17:05:40.480'),
(856, 'Params_64.TAN2StepPar6.ParTAN2Step.TAN2StepParams_2.initmode', 'BPD', '2026-03-18 17:05:40.480'),
(857, 'Params_40.DauerLastSEPAListPar1.ParDauerLastSEPAList.suppformats', 'BPD', '2026-03-18 17:05:40.480'),
(858, 'Params_32.TermUebSEPAPar1.ParTermUebSEPA.maxpretime', 'BPD', '2026-03-18 17:05:40.480'),
(859, 'Params_66.PinTanPar2.ParPinTan.PinTanGV_16.segcode', 'BPD', '2026-03-18 17:05:40.480'),
(860, 'Params_65.TAN2StepPar7.ParTAN2Step.can1step', 'BPD', '2026-03-18 17:05:40.480'),
(861, 'Params_43.Template2DPar.SegHead.version', 'BPD', '2026-03-18 17:05:40.480'),
(862, 'Params_56.Template2Par.SegHead.version', 'BPD', '2026-03-18 17:05:40.480'),
(863, 'Params_59.Template2DPar.secclass', 'BPD', '2026-03-18 17:05:40.480'),
(864, 'Params_17.Template2DPar.minsigs', 'BPD', '2026-03-18 17:05:40.480'),
(865, 'Params_40.DauerLastSEPAListPar1.minsigs', 'BPD', '2026-03-18 17:05:40.480'),
(866, 'Params_66.PinTanPar2.ParPinTan.PinTanGV_2.needtan', 'BPD', '2026-03-18 17:05:40.480'),
(867, 'Params_64.TAN2StepPar6.ParTAN2Step.TAN2StepParams_2.maxleninput2step', 'BPD', '2026-03-18 17:05:40.480'),
(868, 'Params_62.Template2DPar.ParTemplate2D.dummy_6', 'BPD', '2026-03-18 17:05:40.480'),
(869, 'Params_62.Template2DPar.ParTemplate2D.dummy_4', 'BPD', '2026-03-18 17:05:40.480'),
(870, 'Params_62.Template2DPar.ParTemplate2D.dummy_5', 'BPD', '2026-03-18 17:05:40.480'),
(871, 'Params_62.Template2DPar.ParTemplate2D.dummy_2', 'BPD', '2026-03-18 17:05:40.481'),
(872, 'Params_62.Template2DPar.ParTemplate2D.dummy_3', 'BPD', '2026-03-18 17:05:40.481'),
(873, 'Params_64.TAN2StepPar6.ParTAN2Step.TAN2StepParams_5.maxleninput2step', 'BPD', '2026-03-18 17:05:40.481'),
(874, 'Params_10.UebSEPAPar1.minsigs', 'BPD', '2026-03-18 17:05:40.481'),
(875, 'Params_64.TAN2StepPar6.SegHead.seq', 'BPD', '2026-03-18 17:05:40.481'),
(876, 'Params_66.PinTanPar2.ParPinTan.PinTanGV_22.segcode', 'BPD', '2026-03-18 17:05:40.481'),
(877, 'Params_65.TAN2StepPar7.ParTAN2Step.TAN2StepParams.decoupled_manual_ack_allowed', 'BPD', '2026-03-18 17:05:40.481'),
(878, 'Params_20.Template2DPar.SegHead.seq', 'BPD', '2026-03-18 17:05:40.481'),
(879, 'Params_53.Template2DPar.SegHead.version', 'BPD', '2026-03-18 17:05:40.481'),
(880, 'Params_26.WPDepotListPar6.ParWPDepotList.canquality', 'BPD', '2026-03-18 17:05:40.481'),
(881, 'Params_3.Template2Par.SegHead.code', 'BPD', '2026-03-18 17:05:40.481'),
(882, 'Params_65.TAN2StepPar7.ParTAN2Step.TAN2StepParams.name', 'BPD', '2026-03-18 17:05:40.481'),
(883, 'Params_7.TermUebSEPAEditPar1.ParTermUebSEPAEdit.maxpretime', 'BPD', '2026-03-18 17:05:40.481'),
(884, 'Params_63.Template2DPar.SegHead.version', 'BPD', '2026-03-18 17:05:40.481'),
(885, 'Params_42.Template2DPar.ParTemplate2D.dummy_3', 'BPD', '2026-03-18 17:05:40.481'),
(886, 'Params_42.Template2DPar.ParTemplate2D.dummy_2', 'BPD', '2026-03-18 17:05:40.481'),
(887, 'Params_42.Template2DPar.ParTemplate2D.dummy_5', 'BPD', '2026-03-18 17:05:40.481'),
(888, 'Params_42.Template2DPar.ParTemplate2D.dummy_4', 'BPD', '2026-03-18 17:05:40.482'),
(889, 'Params_24.Template2Par.SegHead.version', 'BPD', '2026-03-18 17:05:40.482'),
(890, 'Params_42.Template2DPar.ParTemplate2D.dummy_7', 'BPD', '2026-03-18 17:05:40.482'),
(891, 'Params_42.Template2DPar.ParTemplate2D.dummy_6', 'BPD', '2026-03-18 17:05:40.482'),
(892, 'Params_66.PinTanPar2.ParPinTan.PinTanGV_45.segcode', 'BPD', '2026-03-18 17:05:40.482'),
(893, 'Params_7.TermUebSEPAEditPar1.SegHead.version', 'BPD', '2026-03-18 17:05:40.482'),
(894, 'Params_2.ChangePINPar1.secclass', 'BPD', '2026-03-18 17:05:40.482'),
(895, 'SecMethod.SuppSecMethods.version', 'BPD', '2026-03-18 17:05:40.482'),
(896, 'Params_61.Template2DPar.SegHead.ref', 'BPD', '2026-03-18 17:05:40.482'),
(897, 'Params_66.PinTanPar2.ParPinTan.PinTanGV_13.segcode', 'BPD', '2026-03-18 17:05:40.482'),
(898, 'Params_68.Template2DPar.SegHead.ref', 'BPD', '2026-03-18 17:05:40.482'),
(899, 'Params_66.PinTanPar2.SegHead.version', 'BPD', '2026-03-18 17:05:40.482'),
(900, 'Params_33.UmbSEPAPar1.minsigs', 'BPD', '2026-03-18 17:05:40.482'),
(901, 'Params_65.TAN2StepPar7.ParTAN2Step.TAN2StepParams.nofactivetanmedia', 'BPD', '2026-03-18 17:05:40.482'),
(902, 'Params_66.PinTanPar2.ParPinTan.PinTanGV_27.needtan', 'BPD', '2026-03-18 17:05:40.482'),
(903, 'Params_64.TAN2StepPar6.ParTAN2Step.TAN2StepParams_5.canmultitan', 'BPD', '2026-03-18 17:05:40.482'),
(904, 'BPA.SegHead.ref', 'BPD', '2026-03-18 17:05:40.482'),
(905, 'Params_65.TAN2StepPar7.ParTAN2Step.TAN2StepParams.decoupled_time_before_first_status_request', 'BPD', '2026-03-18 17:05:40.482'),
(906, 'Params_46.Template2DPar.SegHead.seq', 'BPD', '2026-03-18 17:05:40.483'),
(907, 'Params_3.Template2Par.SegHead.version', 'BPD', '2026-03-18 17:05:40.483'),
(908, 'Params_53.Template2DPar.SegHead.seq', 'BPD', '2026-03-18 17:05:40.483'),
(909, 'Params_16.Template2DPar.SegHead.seq', 'BPD', '2026-03-18 17:05:40.483'),
(910, 'Params_22.Template2DPar.maxnum', 'BPD', '2026-03-18 17:05:40.483'),
(911, 'Params_42.Template2DPar.SegHead.code', 'BPD', '2026-03-18 17:05:40.483'),
(912, 'Params_26.WPDepotListPar6.SegHead.ref', 'BPD', '2026-03-18 17:05:40.483'),
(913, 'Params_64.TAN2StepPar6.ParTAN2Step.TAN2StepParams_3.tanformat', 'BPD', '2026-03-18 17:05:40.483'),
(914, 'Params_27.Template2DPar.secclass', 'BPD', '2026-03-18 17:05:40.483'),
(915, '_lastupdate', 'BPD', '2026-03-18 17:05:40.483'),
(916, 'Params_43.Template2DPar.ParTemplate2D.dummy', 'BPD', '2026-03-18 17:05:40.483'),
(917, 'Params_45.Template2DPar.SegHead.version', 'BPD', '2026-03-18 17:05:40.483'),
(918, 'Params_66.PinTanPar2.ParPinTan.PinTanGV_24.needtan', 'BPD', '2026-03-18 17:05:40.483'),
(919, 'Params_56.Template2Par.SegHead.code', 'BPD', '2026-03-18 17:05:40.483'),
(920, 'Params_64.TAN2StepPar6.ParTAN2Step.TAN2StepParams_3.maxleninput2step', 'BPD', '2026-03-18 17:05:40.483'),
(921, 'Params_65.TAN2StepPar7.ParTAN2Step.TAN2StepParams.cantandelay', 'BPD', '2026-03-18 17:05:40.483'),
(922, 'Params_51.Template2Par.SegHead.seq', 'BPD', '2026-03-18 17:05:40.483'),
(923, 'Params_59.Template2DPar.minsigs', 'BPD', '2026-03-18 17:05:40.483'),
(924, 'Params_66.PinTanPar2.ParPinTan.PinTanGV_56.needtan', 'BPD', '2026-03-18 17:05:40.483'),
(925, 'Params_20.Template2DPar.SegHead.version', 'BPD', '2026-03-18 17:05:40.483'),
(926, 'Params_26.WPDepotListPar6.SegHead.version', 'BPD', '2026-03-18 17:05:40.483'),
(927, 'Params_10.UebSEPAPar1.secclass', 'BPD', '2026-03-18 17:05:40.483'),
(928, 'Params_19.Template2DPar.SegHead.code', 'BPD', '2026-03-18 17:05:40.483'),
(929, 'Params_64.TAN2StepPar6.ParTAN2Step.TAN2StepParams_5.maxlentan2step', 'BPD', '2026-03-18 17:05:40.483'),
(930, 'Params_64.TAN2StepPar6.ParTAN2Step.TAN2StepParams.nofactivetanmedia', 'BPD', '2026-03-18 17:05:40.483'),
(931, 'Params_66.PinTanPar2.ParPinTan.PinTanGV_48.needtan', 'BPD', '2026-03-18 17:05:40.483'),
(932, 'Params_57.Template2Par.SegHead.ref', 'BPD', '2026-03-18 17:05:40.484'),
(933, 'SecMethod.SuppSecMethods.method', 'BPD', '2026-03-18 17:05:40.484'),
(934, 'Params_64.TAN2StepPar6.ParTAN2Step.TAN2StepParams.id', 'BPD', '2026-03-18 17:05:40.484'),
(935, 'Params_65.TAN2StepPar7.SegHead.version', 'BPD', '2026-03-18 17:05:40.484'),
(936, 'Params_8.TermUebSEPAListPar1.maxnum', 'BPD', '2026-03-18 17:05:40.484'),
(937, 'Params_66.PinTanPar2.ParPinTan.PinTanGV_48.segcode', 'BPD', '2026-03-18 17:05:40.484'),
(938, 'Params_49.Template2DPar.secclass', 'BPD', '2026-03-18 17:05:40.484'),
(939, '_hbciversion', 'BPD', '2026-03-18 17:05:40.484'),
(940, 'Params_16.Template2DPar.SegHead.code', 'BPD', '2026-03-18 17:05:40.484'),
(941, 'Params_32.TermUebSEPAPar1.SegHead.ref', 'BPD', '2026-03-18 17:05:40.484'),
(942, 'Params_31.SammelUebSEPAPar1.SegHead.ref', 'BPD', '2026-03-18 17:05:40.484'),
(943, 'Params_66.PinTanPar2.ParPinTan.PinTanGV_8.segcode', 'BPD', '2026-03-18 17:05:40.484'),
(944, 'Params_10.UebSEPAPar1.SegHead.version', 'BPD', '2026-03-18 17:05:40.484'),
(945, 'Params_66.PinTanPar2.SegHead.seq', 'BPD', '2026-03-18 17:05:40.484'),
(946, 'Params_64.TAN2StepPar6.ParTAN2Step.TAN2StepParams_2.inputinfo', 'BPD', '2026-03-18 17:05:40.484'),
(947, 'Params_38.Template2DPar.minsigs', 'BPD', '2026-03-18 17:05:40.484'),
(948, 'Params_66.PinTanPar2.ParPinTan.PinTanGV_56.segcode', 'BPD', '2026-03-18 17:05:40.484'),
(949, 'Params_66.PinTanPar2.maxnum', 'BPD', '2026-03-18 17:05:40.484'),
(950, 'Params_66.PinTanPar2.ParPinTan.PinTanGV_24.segcode', 'BPD', '2026-03-18 17:05:40.485'),
(951, 'Params_65.TAN2StepPar7.ParTAN2Step.TAN2StepParams.inputinfo', 'BPD', '2026-03-18 17:05:40.485'),
(952, 'Params_66.PinTanPar2.ParPinTan.PinTanGV_4.needtan', 'BPD', '2026-03-18 17:05:40.485'),
(953, 'Params_64.TAN2StepPar6.ParTAN2Step.TAN2StepParams_2.ischallengestructured', 'BPD', '2026-03-18 17:05:40.485'),
(954, 'Params_64.TAN2StepPar6.ParTAN2Step.TAN2StepParams_4.needsmsaccount', 'BPD', '2026-03-18 17:05:40.485'),
(955, 'Params_67.Template2DPar.SegHead.seq', 'BPD', '2026-03-18 17:05:40.485'),
(956, 'Params_64.TAN2StepPar6.ParTAN2Step.TAN2StepParams_4.maxlentan2step', 'BPD', '2026-03-18 17:05:40.485'),
(957, 'Params_66.PinTanPar2.ParPinTan.PinTanGV_21.segcode', 'BPD', '2026-03-18 17:05:40.485'),
(958, 'Params_66.PinTanPar2.ParPinTan.PinTanGV_16.needtan', 'BPD', '2026-03-18 17:05:40.485'),
(959, 'Params_15.Template2DPar.minsigs', 'BPD', '2026-03-18 17:05:40.485'),
(960, 'Params_23.TermSammelUebSEPAPar1.maxnum', 'BPD', '2026-03-18 17:05:40.485'),
(961, 'Params_36.Template2DPar.maxnum', 'BPD', '2026-03-18 17:05:40.485'),
(962, 'Params_52.Template2DPar.SegHead.seq', 'BPD', '2026-03-18 17:05:40.485'),
(963, 'Params_5.SaldoPar4.SegHead.seq', 'BPD', '2026-03-18 17:05:40.485'),
(964, 'Params_56.Template2Par.secclassdummy', 'BPD', '2026-03-18 17:05:40.485'),
(965, 'Params_54.Template2DPar.SegHead.ref', 'BPD', '2026-03-18 17:05:40.485'),
(966, 'Params_34.SammelLastSEPAPar1.ParSammelLastSEPA.maxVorlZeitFRSTOOFF', 'BPD', '2026-03-18 17:05:40.485'),
(967, 'Params_62.Template2DPar.SegHead.seq', 'BPD', '2026-03-18 17:05:40.486'),
(968, 'Params_34.SammelLastSEPAPar1.ParSammelLastSEPA.maxnum', 'BPD', '2026-03-18 17:05:40.486'),
(969, 'Params_55.Template2DPar.SegHead.ref', 'BPD', '2026-03-18 17:05:40.486'),
(970, 'Params_7.TermUebSEPAEditPar1.maxnum', 'BPD', '2026-03-18 17:05:40.486'),
(971, 'Params_3.Template2Par.maxnum', 'BPD', '2026-03-18 17:05:40.486'),
(972, 'Params_18.Template2DPar.ParTemplate2D.dummy_2', 'BPD', '2026-03-18 17:05:40.486'),
(973, 'Params_33.UmbSEPAPar1.SegHead.seq', 'BPD', '2026-03-18 17:05:40.486'),
(974, 'Params_4.ReceiptPar1.maxnum', 'BPD', '2026-03-18 17:05:40.486'),
(975, 'Params_31.SammelUebSEPAPar1.secclass', 'BPD', '2026-03-18 17:05:40.486'),
(976, 'Params_39.KUmsZeitCamtPar1.secclass', 'BPD', '2026-03-18 17:05:40.486'),
(977, 'Params_66.PinTanPar2.ParPinTan.PinTanGV_13.needtan', 'BPD', '2026-03-18 17:05:40.486'),
(978, 'Params_7.TermUebSEPAEditPar1.SegHead.seq', 'BPD', '2026-03-18 17:05:40.486'),
(979, 'Params_20.Template2DPar.minsigs', 'BPD', '2026-03-18 17:05:40.486'),
(980, 'Params_45.Template2DPar.SegHead.ref', 'BPD', '2026-03-18 17:05:40.486'),
(981, 'Params_64.TAN2StepPar6.ParTAN2Step.TAN2StepParams_3.canmultitan', 'BPD', '2026-03-18 17:05:40.486'),
(982, 'Params_64.TAN2StepPar6.ParTAN2Step.TAN2StepParams_2.id', 'BPD', '2026-03-18 17:05:40.486'),
(983, 'Params_41.DauerLastSEPANewPar1.maxnum', 'BPD', '2026-03-18 17:05:40.486'),
(984, 'Params_38.Template2DPar.maxnum', 'BPD', '2026-03-18 17:05:40.487'),
(985, 'Params_23.TermSammelUebSEPAPar1.ParTermSammelUebSEPA.maxVorlZeit', 'BPD', '2026-03-18 17:05:40.487'),
(986, 'CommListRes.CommParam_2.addr', 'BPD', '2026-03-18 17:05:40.487'),
(987, 'Params_37.Template2DPar.ParTemplate2D.dummy', 'BPD', '2026-03-18 17:05:40.487'),
(988, 'Params_64.TAN2StepPar6.ParTAN2Step.TAN2StepParams_5.name', 'BPD', '2026-03-18 17:05:40.487'),
(989, 'Params_64.TAN2StepPar6.ParTAN2Step.TAN2StepParams_3.needtanmedia', 'BPD', '2026-03-18 17:05:40.487'),
(990, 'Params_43.Template2DPar.minsigs', 'BPD', '2026-03-18 17:05:40.487'),
(991, 'Params_28.Template2DPar.ParTemplate2D.dummy', 'BPD', '2026-03-18 17:05:40.487'),
(992, 'Params_38.Template2DPar.SegHead.ref', 'BPD', '2026-03-18 17:05:40.487'),
(993, 'Params_60.Template2DPar.SegHead.ref', 'BPD', '2026-03-18 17:05:40.487'),
(994, 'Params_67.Template2DPar.ParTemplate2D.dummy_51', 'BPD', '2026-03-18 17:05:40.487'),
(995, 'Params_67.Template2DPar.ParTemplate2D.dummy_50', 'BPD', '2026-03-18 17:05:40.487'),
(996, 'Params_67.Template2DPar.ParTemplate2D.dummy_53', 'BPD', '2026-03-18 17:05:40.487'),
(997, 'Params_14.SammelLastB2BSEPAPar1.ParSammelLastB2BSEPA.cansingletransfer', 'BPD', '2026-03-18 17:05:40.487'),
(998, 'Params_67.Template2DPar.ParTemplate2D.dummy_52', 'BPD', '2026-03-18 17:05:40.487'),
(999, 'Params_67.Template2DPar.ParTemplate2D.dummy_55', 'BPD', '2026-03-18 17:05:40.487'),
(1000, 'Params_67.Template2DPar.ParTemplate2D.dummy_54', 'BPD', '2026-03-18 17:05:40.487'),
(1001, 'Params_59.Template2DPar.SegHead.code', 'BPD', '2026-03-18 17:05:40.488'),
(1002, 'Params_67.Template2DPar.ParTemplate2D.dummy_57', 'BPD', '2026-03-18 17:05:40.488'),
(1003, 'Params_67.Template2DPar.ParTemplate2D.dummy_56', 'BPD', '2026-03-18 17:05:40.488');

INSERT INTO parameterData (
    id, pdKey, pdType, updatedAt
) VALUES

(1004, 'Params_67.Template2DPar.ParTemplate2D.dummy_59', 'BPD', '2026-03-18 17:05:40.488'),
(1005, 'Params_15.Template2DPar.SegHead.ref', 'BPD', '2026-03-18 17:05:40.488'),
(1006, 'Params_67.Template2DPar.ParTemplate2D.dummy_58', 'BPD', '2026-03-18 17:05:40.488'),
(1007, 'Params_12.LastSEPAPar1.secclass', 'BPD', '2026-03-18 17:05:40.488'),
(1008, 'Params_24.Template2Par.secclassdummy', 'BPD', '2026-03-18 17:05:40.488'),
(1009, 'Params.KontoauszugPar5.ParKontoauszug.canmaxentries', 'BPD', '2026-03-18 17:05:40.488'),
(1010, 'CommListRes.CommParam.addr', 'BPD', '2026-03-18 17:05:40.488'),
(1011, 'CommListRes.SegHead.ref', 'BPD', '2026-03-18 17:05:40.488'),
(1012, 'Params_43.Template2DPar.ParTemplate2D.dummy_20', 'BPD', '2026-03-18 17:05:40.488'),
(1013, 'Params_64.TAN2StepPar6.maxnum', 'BPD', '2026-03-18 17:05:40.488'),
(1014, 'Params_66.PinTanPar2.ParPinTan.PinTanGV_26.segcode', 'BPD', '2026-03-18 17:05:40.488'),
(1015, 'Params_54.Template2DPar.minsigs', 'BPD', '2026-03-18 17:05:40.488'),
(1016, 'Params_64.TAN2StepPar6.ParTAN2Step.TAN2StepParams_4.needchallengeklass', 'BPD', '2026-03-18 17:05:40.488'),
(1017, 'Params_62.Template2DPar.secclass', 'BPD', '2026-03-18 17:05:40.488'),
(1018, 'Params_67.Template2DPar.ParTemplate2D.dummy_60', 'BPD', '2026-03-18 17:05:40.488'),
(1019, 'Params_64.TAN2StepPar6.ParTAN2Step.TAN2StepParams_5.needsmsaccount', 'BPD', '2026-03-18 17:05:40.489'),
(1020, 'Params_30.Template2DPar.maxnum', 'BPD', '2026-03-18 17:05:40.489'),
(1021, 'Params_67.Template2DPar.ParTemplate2D.dummy_40', 'BPD', '2026-03-18 17:05:40.489'),
(1022, 'Params_53.Template2DPar.secclass', 'BPD', '2026-03-18 17:05:40.489'),
(1023, 'Params_64.TAN2StepPar6.ParTAN2Step.TAN2StepParams_3.maxlentan2step', 'BPD', '2026-03-18 17:05:40.489'),
(1024, 'Params_67.Template2DPar.ParTemplate2D.dummy_42', 'BPD', '2026-03-18 17:05:40.489'),
(1025, 'Params_64.TAN2StepPar6.ParTAN2Step.TAN2StepParams_5.inputinfo', 'BPD', '2026-03-18 17:05:40.489'),
(1026, 'Params_67.Template2DPar.ParTemplate2D.dummy_41', 'BPD', '2026-03-18 17:05:40.489'),
(1027, 'Params_67.Template2DPar.ParTemplate2D.dummy_44', 'BPD', '2026-03-18 17:05:40.489'),
(1028, 'Params_67.Template2DPar.ParTemplate2D.dummy_43', 'BPD', '2026-03-18 17:05:40.489'),
(1029, 'Params_67.Template2DPar.ParTemplate2D.dummy_46', 'BPD', '2026-03-18 17:05:40.489'),
(1030, 'Params_67.Template2DPar.ParTemplate2D.dummy_45', 'BPD', '2026-03-18 17:05:40.489'),
(1031, 'Params_44.Template2DPar.ParTemplate2D.dummy', 'BPD', '2026-03-18 17:05:40.489'),
(1032, 'Params_39.KUmsZeitCamtPar1.SegHead.seq', 'BPD', '2026-03-18 17:05:40.489'),
(1033, 'Params_67.Template2DPar.ParTemplate2D.dummy_48', 'BPD', '2026-03-18 17:05:40.489'),
(1034, 'Params_33.UmbSEPAPar1.SegHead.code', 'BPD', '2026-03-18 17:05:40.489'),
(1035, 'Params_67.Template2DPar.ParTemplate2D.dummy_47', 'BPD', '2026-03-18 17:05:40.489'),
(1036, 'Params_30.Template2DPar.ParTemplate2D.dummy', 'BPD', '2026-03-18 17:05:40.490'),
(1037, 'Params_67.Template2DPar.ParTemplate2D.dummy_49', 'BPD', '2026-03-18 17:05:40.490'),
(1038, 'Params_64.TAN2StepPar6.ParTAN2Step.TAN2StepParams_2.maxlentan2step', 'BPD', '2026-03-18 17:05:40.490'),
(1039, 'SecMethod.SuppSecMethods_2.version_3', 'BPD', '2026-03-18 17:05:40.490'),
(1040, 'Params_58.VoPCheckPar1.ParVoPCheck.segcode', 'BPD', '2026-03-18 17:05:40.490'),
(1041, 'SecMethod.SuppSecMethods_2.version_2', 'BPD', '2026-03-18 17:05:40.490'),
(1042, 'Params_40.DauerLastSEPAListPar1.SegHead.version', 'BPD', '2026-03-18 17:05:40.490'),
(1043, 'Params_41.DauerLastSEPANewPar1.SegHead.ref', 'BPD', '2026-03-18 17:05:40.490'),
(1044, 'Params_28.Template2DPar.SegHead.code', 'BPD', '2026-03-18 17:05:40.490'),
(1045, 'Params_46.Template2DPar.secclass', 'BPD', '2026-03-18 17:05:40.490'),
(1046, 'Params_52.Template2DPar.ParTemplate2D.dummy', 'BPD', '2026-03-18 17:05:40.490'),
(1047, 'Params_64.TAN2StepPar6.ParTAN2Step.TAN2StepParams_5.need_hhducresponse', 'BPD', '2026-03-18 17:05:40.490'),
(1048, 'Params_67.Template2DPar.ParTemplate2D.dummy_73', 'BPD', '2026-03-18 17:05:40.490'),
(1049, 'Params_58.VoPCheckPar1.ParVoPCheck.reportdelivery', 'BPD', '2026-03-18 17:05:40.490'),
(1050, 'Params_67.Template2DPar.ParTemplate2D.dummy_72', 'BPD', '2026-03-18 17:05:40.491'),
(1051, 'Params_37.Template2DPar.SegHead.seq', 'BPD', '2026-03-18 17:05:40.491'),
(1052, 'Params_41.DauerLastSEPANewPar1.ParDauerLastSEPANew.suppformats_2', 'BPD', '2026-03-18 17:05:40.491'),
(1053, 'Params_5.SaldoPar4.minsigs', 'BPD', '2026-03-18 17:05:40.491'),
(1054, 'Params_65.TAN2StepPar7.ParTAN2Step.TAN2StepParams.canmultitan', 'BPD', '2026-03-18 17:05:40.491'),
(1055, 'Params_7.TermUebSEPAEditPar1.secclass', 'BPD', '2026-03-18 17:05:40.491'),
(1056, 'Params_19.Template2DPar.SegHead.ref', 'BPD', '2026-03-18 17:05:40.491'),
(1057, 'Params_25.WPDepotUmsPar5.ParWPDepotUms.timerange', 'BPD', '2026-03-18 17:05:40.491'),
(1058, 'Params_66.PinTanPar2.ParPinTan.PinTanGV_41.needtan', 'BPD', '2026-03-18 17:05:40.491'),
(1059, 'Params_9.TermUebSEPADelPar1.SegHead.code', 'BPD', '2026-03-18 17:05:40.491'),
(1060, 'Params_64.TAN2StepPar6.ParTAN2Step.TAN2StepParams.canmultitan', 'BPD', '2026-03-18 17:05:40.491'),
(1061, 'Params_58.VoPCheckPar1.ParVoPCheck.segcode_8', 'BPD', '2026-03-18 17:05:40.491'),
(1062, 'Params_51.Template2Par.maxnum', 'BPD', '2026-03-18 17:05:40.491'),
(1063, 'Params_58.VoPCheckPar1.ParVoPCheck.segcode_9', 'BPD', '2026-03-18 17:05:40.491'),
(1064, 'Params_58.VoPCheckPar1.ParVoPCheck.segcode_4', 'BPD', '2026-03-18 17:05:40.491'),
(1065, 'Params_66.PinTanPar2.ParPinTan.PinTanGV_11.needtan', 'BPD', '2026-03-18 17:05:40.491'),
(1066, 'Params_58.VoPCheckPar1.ParVoPCheck.segcode_5', 'BPD', '2026-03-18 17:05:40.491'),
(1067, 'Params_58.VoPCheckPar1.ParVoPCheck.segcode_6', 'BPD', '2026-03-18 17:05:40.491'),
(1068, 'Params_58.VoPCheckPar1.ParVoPCheck.segcode_7', 'BPD', '2026-03-18 17:05:40.491'),
(1069, 'Params_29.Template2DPar.ParTemplate2D.dummy', 'BPD', '2026-03-18 17:05:40.491'),
(1070, 'Params_64.TAN2StepPar6.ParTAN2Step.TAN2StepParams_3.initmode', 'BPD', '2026-03-18 17:05:40.491'),
(1071, 'Params_67.Template2DPar.ParTemplate2D.dummy_62', 'BPD', '2026-03-18 17:05:40.491'),
(1072, 'Params_67.Template2DPar.ParTemplate2D.dummy_61', 'BPD', '2026-03-18 17:05:40.491'),
(1073, 'Params_67.Template2DPar.ParTemplate2D.dummy_64', 'BPD', '2026-03-18 17:05:40.491'),
(1074, 'Params_66.PinTanPar2.ParPinTan.PinTanGV.segcode', 'BPD', '2026-03-18 17:05:40.491'),
(1075, 'Params_67.Template2DPar.ParTemplate2D.dummy_63', 'BPD', '2026-03-18 17:05:40.491'),
(1076, 'Params_64.TAN2StepPar6.ParTAN2Step.TAN2StepParams_3.inputinfo', 'BPD', '2026-03-18 17:05:40.491'),
(1077, 'Params_67.Template2DPar.ParTemplate2D.dummy_66', 'BPD', '2026-03-18 17:05:40.493'),
(1078, 'Params_15.Template2DPar.ParTemplate2D.dummy', 'BPD', '2026-03-18 17:05:40.493'),
(1079, 'Params_67.Template2DPar.ParTemplate2D.dummy_65', 'BPD', '2026-03-18 17:05:40.493'),
(1080, 'Params_67.Template2DPar.ParTemplate2D.dummy_68', 'BPD', '2026-03-18 17:05:40.493'),
(1081, 'Params_67.Template2DPar.ParTemplate2D.dummy_67', 'BPD', '2026-03-18 17:05:40.493'),
(1082, 'Params_52.Template2DPar.SegHead.code', 'BPD', '2026-03-18 17:05:40.493'),
(1083, 'Params_67.Template2DPar.ParTemplate2D.dummy_69', 'BPD', '2026-03-18 17:05:40.493'),
(1084, 'Params_58.VoPCheckPar1.ParVoPCheck.segcode_2', 'BPD', '2026-03-18 17:05:40.493'),
(1085, 'Params_29.Template2DPar.SegHead.code', 'BPD', '2026-03-18 17:05:40.493'),
(1086, 'Params_64.TAN2StepPar6.ParTAN2Step.TAN2StepParams_2.process', 'BPD', '2026-03-18 17:05:40.493'),
(1087, 'Params_58.VoPCheckPar1.ParVoPCheck.segcode_3', 'BPD', '2026-03-18 17:05:40.493'),
(1088, 'Params_65.TAN2StepPar7.minsigs', 'BPD', '2026-03-18 17:05:40.493'),
(1089, 'Params_18.Template2DPar.SegHead.version', 'BPD', '2026-03-18 17:05:40.493'),
(1090, 'Params_52.Template2DPar.minsigs', 'BPD', '2026-03-18 17:05:40.493'),
(1091, 'Params_43.Template2DPar.ParTemplate2D.dummy_10', 'BPD', '2026-03-18 17:05:40.493'),
(1092, 'Params_17.Template2DPar.secclass', 'BPD', '2026-03-18 17:05:40.493'),
(1093, 'Params_43.Template2DPar.ParTemplate2D.dummy_11', 'BPD', '2026-03-18 17:05:40.493'),
(1094, 'Params_21.Template2DPar.secclass', 'BPD', '2026-03-18 17:05:40.494'),
(1095, 'Params_66.PinTanPar2.ParPinTan.PinTanGV_32.segcode', 'BPD', '2026-03-18 17:05:40.494'),
(1096, 'Params_43.Template2DPar.ParTemplate2D.dummy_16', 'BPD', '2026-03-18 17:05:40.494'),
(1097, 'Params_43.Template2DPar.ParTemplate2D.dummy_17', 'BPD', '2026-03-18 17:05:40.494'),
(1098, 'Params_32.TermUebSEPAPar1.SegHead.code', 'BPD', '2026-03-18 17:05:40.494'),
(1099, 'Params_36.Template2DPar.minsigs', 'BPD', '2026-03-18 17:05:40.494'),
(1100, 'Params_43.Template2DPar.ParTemplate2D.dummy_18', 'BPD', '2026-03-18 17:05:40.494'),
(1101, 'Params_43.Template2DPar.ParTemplate2D.dummy_19', 'BPD', '2026-03-18 17:05:40.494'),
(1102, 'Params_6.SaldoPar7.SegHead.ref', 'BPD', '2026-03-18 17:05:40.494'),
(1103, 'Params_43.Template2DPar.ParTemplate2D.dummy_12', 'BPD', '2026-03-18 17:05:40.494'),
(1104, 'Params.KontoauszugPar5.secclass', 'BPD', '2026-03-18 17:05:40.494'),
(1105, 'Params_43.Template2DPar.ParTemplate2D.dummy_13', 'BPD', '2026-03-18 17:05:40.494'),
(1106, 'Params_43.Template2DPar.ParTemplate2D.dummy_14', 'BPD', '2026-03-18 17:05:40.494'),
(1107, 'Params_67.Template2DPar.ParTemplate2D.dummy_71', 'BPD', '2026-03-18 17:05:40.494'),
(1108, 'Params_43.Template2DPar.ParTemplate2D.dummy_15', 'BPD', '2026-03-18 17:05:40.494'),
(1109, 'Params_67.Template2DPar.ParTemplate2D.dummy_70', 'BPD', '2026-03-18 17:05:40.494'),
(1110, 'CommListRes.KIK.blz', 'BPD', '2026-03-18 17:05:40.494'),
(1111, 'Params_67.Template2DPar.ParTemplate2D.dummy_11', 'BPD', '2026-03-18 17:05:40.495'),
(1112, 'Params_67.Template2DPar.ParTemplate2D.dummy_10', 'BPD', '2026-03-18 17:05:40.495'),
(1113, 'Params_32.TermUebSEPAPar1.secclass', 'BPD', '2026-03-18 17:05:40.495'),
(1114, 'Params_44.Template2DPar.maxnum', 'BPD', '2026-03-18 17:05:40.495'),
(1115, 'Params_67.Template2DPar.ParTemplate2D.dummy_13', 'BPD', '2026-03-18 17:05:40.495'),
(1116, 'Params_67.Template2DPar.ParTemplate2D.dummy_12', 'BPD', '2026-03-18 17:05:40.495'),
(1117, 'Params_16.Template2DPar.maxnum', 'BPD', '2026-03-18 17:05:40.495'),
(1118, 'Params_50.Template2DPar.secclass', 'BPD', '2026-03-18 17:05:40.495'),
(1119, 'Params_67.Template2DPar.ParTemplate2D.dummy_15', 'BPD', '2026-03-18 17:05:40.495'),
(1120, 'Params_67.Template2DPar.ParTemplate2D.dummy_14', 'BPD', '2026-03-18 17:05:40.495'),
(1121, 'Params_67.Template2DPar.ParTemplate2D.dummy_17', 'BPD', '2026-03-18 17:05:40.495'),
(1122, 'Params_66.PinTanPar2.ParPinTan.PinTanGV_43.segcode', 'BPD', '2026-03-18 17:05:40.495'),
(1123, 'Params_67.Template2DPar.ParTemplate2D.dummy_16', 'BPD', '2026-03-18 17:05:40.495'),
(1124, 'Params_67.Template2DPar.ParTemplate2D.dummy_19', 'BPD', '2026-03-18 17:05:40.495'),
(1125, 'Params_36.Template2DPar.ParTemplate2D.dummy', 'BPD', '2026-03-18 17:05:40.495'),
(1126, 'Params_67.Template2DPar.ParTemplate2D.dummy_18', 'BPD', '2026-03-18 17:05:40.495'),
(1127, 'Params_32.TermUebSEPAPar1.ParTermUebSEPA.minpretime', 'BPD', '2026-03-18 17:05:40.495'),
(1128, 'Params_28.Template2DPar.SegHead.version', 'BPD', '2026-03-18 17:05:40.496'),
(1129, 'Params_31.SammelUebSEPAPar1.SegHead.version', 'BPD', '2026-03-18 17:05:40.496'),
(1130, 'Params_66.PinTanPar2.ParPinTan.PinTanGV_29.needtan', 'BPD', '2026-03-18 17:05:40.496'),
(1131, 'Params_4.ReceiptPar1.SegHead.ref', 'BPD', '2026-03-18 17:05:40.496'),
(1132, 'Params_49.Template2DPar.ParTemplate2D.dummy_2', 'BPD', '2026-03-18 17:05:40.496'),
(1133, 'Params_23.TermSammelUebSEPAPar1.SegHead.seq', 'BPD', '2026-03-18 17:05:40.496'),
(1134, 'Params_49.Template2DPar.ParTemplate2D.dummy_3', 'BPD', '2026-03-18 17:05:40.496'),
(1135, 'Params_49.Template2DPar.ParTemplate2D.dummy_4', 'BPD', '2026-03-18 17:05:40.496'),
(1136, 'Params_31.SammelUebSEPAPar1.ParSammelUebSEPA.needtotal', 'BPD', '2026-03-18 17:05:40.496'),
(1137, 'Params_56.Template2Par.SegHead.seq', 'BPD', '2026-03-18 17:05:40.496'),
(1138, 'Params_17.Template2DPar.SegHead.seq', 'BPD', '2026-03-18 17:05:40.496'),
(1139, 'Params_53.Template2DPar.SegHead.code', 'BPD', '2026-03-18 17:05:40.496'),
(1140, 'Params_66.PinTanPar2.ParPinTan.PinTanGV_37.segcode', 'BPD', '2026-03-18 17:05:40.496'),
(1141, 'Params_55.Template2DPar.SegHead.version', 'BPD', '2026-03-18 17:05:40.496'),
(1142, 'Params_66.PinTanPar2.ParPinTan.PinTanGV_35.needtan', 'BPD', '2026-03-18 17:05:40.496'),
(1143, 'Params_64.TAN2StepPar6.ParTAN2Step.TAN2StepParams_3.zkamethod_name', 'BPD', '2026-03-18 17:05:40.496'),
(1144, 'Params_11.SEPAInfoPar1.SegHead.seq', 'BPD', '2026-03-18 17:05:40.496'),
(1145, 'Params_66.PinTanPar2.ParPinTan.PinTanGV_54.needtan', 'BPD', '2026-03-18 17:05:40.497'),
(1146, 'Params_64.TAN2StepPar6.ParTAN2Step.TAN2StepParams_4.inputinfo', 'BPD', '2026-03-18 17:05:40.497'),
(1147, 'Params_67.Template2DPar.ParTemplate2D.dummy_31', 'BPD', '2026-03-18 17:05:40.497'),
(1148, 'Params_67.Template2DPar.ParTemplate2D.dummy_30', 'BPD', '2026-03-18 17:05:40.497'),
(1149, 'Params_67.Template2DPar.ParTemplate2D.dummy_33', 'BPD', '2026-03-18 17:05:40.497'),
(1150, 'Params_48.Template2Par.SegHead.seq', 'BPD', '2026-03-18 17:05:40.497'),
(1151, 'Params_67.Template2DPar.ParTemplate2D.dummy_32', 'BPD', '2026-03-18 17:05:40.497'),
(1152, 'Params_55.Template2DPar.SegHead.code', 'BPD', '2026-03-18 17:05:40.497'),
(1153, 'Params_67.Template2DPar.ParTemplate2D.dummy_35', 'BPD', '2026-03-18 17:05:40.497'),
(1154, 'Params_67.Template2DPar.ParTemplate2D.dummy_34', 'BPD', '2026-03-18 17:05:40.497'),
(1155, 'Params_67.Template2DPar.ParTemplate2D.dummy_37', 'BPD', '2026-03-18 17:05:40.497'),
(1156, 'Params_67.Template2DPar.ParTemplate2D.dummy_36', 'BPD', '2026-03-18 17:05:40.497'),
(1157, 'Params_25.WPDepotUmsPar5.SegHead.seq', 'BPD', '2026-03-18 17:05:40.497'),
(1158, 'Params_67.Template2DPar.ParTemplate2D.dummy_39', 'BPD', '2026-03-18 17:05:40.497'),
(1159, 'Params_67.Template2DPar.ParTemplate2D.dummy_38', 'BPD', '2026-03-18 17:05:40.497'),
(1160, 'Params_22.Template2DPar.minsigs', 'BPD', '2026-03-18 17:05:40.497'),
(1161, 'Params_68.Template2DPar.SegHead.version', 'BPD', '2026-03-18 17:05:40.497'),
(1162, 'Params_37.Template2DPar.maxnum', 'BPD', '2026-03-18 17:05:40.498'),
(1163, 'Params_24.Template2Par.SegHead.seq', 'BPD', '2026-03-18 17:05:40.498'),
(1164, 'Params_61.Template2DPar.minsigs', 'BPD', '2026-03-18 17:05:40.498'),
(1165, 'Params_66.PinTanPar2.ParPinTan.PinTanGV_30.needtan', 'BPD', '2026-03-18 17:05:40.498'),
(1166, 'Params_65.TAN2StepPar7.SegHead.seq', 'BPD', '2026-03-18 17:05:40.498'),
(1167, 'Params_67.Template2DPar.ParTemplate2D.dummy_20', 'BPD', '2026-03-18 17:05:40.498'),
(1168, 'Params_67.Template2DPar.ParTemplate2D.dummy_22', 'BPD', '2026-03-18 17:05:40.498'),
(1169, 'Params_67.Template2DPar.ParTemplate2D.dummy_21', 'BPD', '2026-03-18 17:05:40.498'),
(1170, 'Params_67.Template2DPar.ParTemplate2D.dummy_24', 'BPD', '2026-03-18 17:05:40.498'),
(1171, 'Params_45.Template2DPar.minsigs', 'BPD', '2026-03-18 17:05:40.498'),
(1172, 'Params_67.Template2DPar.ParTemplate2D.dummy_23', 'BPD', '2026-03-18 17:05:40.498'),
(1173, 'Params_67.Template2DPar.ParTemplate2D.dummy_26', 'BPD', '2026-03-18 17:05:40.498'),
(1174, 'Params_15.Template2DPar.SegHead.version', 'BPD', '2026-03-18 17:05:40.498'),
(1175, 'Params_67.Template2DPar.ParTemplate2D.dummy_25', 'BPD', '2026-03-18 17:05:40.498'),
(1176, 'Params_67.Template2DPar.ParTemplate2D.dummy_28', 'BPD', '2026-03-18 17:05:40.498'),
(1177, 'Params_67.Template2DPar.ParTemplate2D.dummy_27', 'BPD', '2026-03-18 17:05:40.498'),
(1178, 'Params_64.TAN2StepPar6.ParTAN2Step.TAN2StepParams_5.tanformat', 'BPD', '2026-03-18 17:05:40.498'),
(1179, 'Params_67.Template2DPar.ParTemplate2D.dummy_29', 'BPD', '2026-03-18 17:05:40.498'),
(1180, 'Params_41.DauerLastSEPANewPar1.secclass', 'BPD', '2026-03-18 17:05:40.499'),
(1181, 'Params_29.Template2DPar.minsigs', 'BPD', '2026-03-18 17:05:40.499'),
(1182, 'Params.KontoauszugPar5.ParKontoauszug.canindex', 'BPD', '2026-03-18 17:05:40.499'),
(1183, 'Params_64.TAN2StepPar6.ParTAN2Step.TAN2StepParams_2.name', 'BPD', '2026-03-18 17:05:40.499'),
(1184, 'Params_31.SammelUebSEPAPar1.ParSammelUebSEPA.maxnum', 'BPD', '2026-03-18 17:05:40.499'),
(1185, 'Params_17.Template2DPar.ParTemplate2D.dummy_2', 'BPD', '2026-03-18 17:05:40.499'),
(1186, 'Params_51.Template2Par.secclassdummy', 'BPD', '2026-03-18 17:05:40.499'),
(1187, 'BPA.SegHead.code', 'BPD', '2026-03-18 17:05:40.499'),
(1188, 'Params_54.Template2DPar.SegHead.code', 'BPD', '2026-03-18 17:05:40.499'),
(1189, 'BPA.SuppLangs.lang', 'BPD', '2026-03-18 17:05:40.499'),
(1190, 'Params_58.VoPCheckPar1.SegHead.version', 'BPD', '2026-03-18 17:05:40.499'),
(1191, 'Params_47.InstUebSEPAPar1.SegHead.code', 'BPD', '2026-03-18 17:05:40.499'),
(1192, 'Params_68.Template2DPar.minsigs', 'BPD', '2026-03-18 17:05:40.499'),
(1193, 'KInfo.KTV.iban', 'UPD', '2026-03-18 17:05:47.731'),
(1194, 'KInfo.KTV.bic', 'UPD', '2026-03-18 17:05:47.731'),
(1195, '_fetchedSepaInfo', 'UPD', '2026-03-18 17:05:47.731');

INSERT INTO businessCase (
    id, caseValue, updatedAt
) VALUES

(1, 'HKCSL', '2026-03-18 16:53:20.770'),
(2, 'HKDBS', '2026-03-18 16:53:20.770'),
(3, 'HKCSE', '2026-03-18 16:53:20.770'),
(4, 'HKISA', '2026-03-18 16:53:20.770'),
(5, 'HKBMB', '2026-03-18 16:53:20.770'),
(6, 'HKDMB', '2026-03-18 16:53:20.770'),
(7, 'HKEKA', '2026-03-18 16:53:20.770'),
(8, 'HKCUM', '2026-03-18 16:53:20.770'),
(9, 'HKIPT', '2026-03-18 16:53:20.770'),
(10, 'HKCSA', '2026-03-18 16:53:20.770'),
(11, 'HKCUB', '2026-03-18 16:53:20.770'),
(12, 'HKBBS', '2026-03-18 16:53:20.770'),
(13, 'HKCSB', '2026-03-18 16:53:20.770'),
(14, 'HKQTG', '2026-03-18 16:53:20.770'),
(15, 'HKSPA', '2026-03-18 16:53:20.770'),
(16, 'HKSAK', '2026-03-18 16:53:20.770'),
(17, 'HKCAZ', '2026-03-18 16:53:20.770'),
(18, 'HKKAU', '2026-03-18 16:53:20.770'),
(19, 'HKSAL', '2026-03-18 16:53:20.770'),
(20, 'HKPAE', '2026-03-18 16:53:20.770'),
(21, 'HKPSP', '2026-03-18 16:53:20.770'),
(22, 'HKTIA', '2026-03-18 16:53:20.770'),
(23, 'HKSSP', '2026-03-18 16:53:20.770'),
(24, 'HKCCS', '2026-03-18 16:53:20.770'),
(25, 'HKPOF', '2026-03-18 16:53:20.770'),
(26, 'HKKIF', '2026-03-18 16:53:20.770'),
(27, 'HKKAA', '2026-03-18 16:53:20.770');

INSERT INTO bankAccount_businessCase (
    id, account_id, businessCase_id, updatedAt
) VALUES

(1, 900001, 1, '2026-03-18 16:53:20.838'),
(2, 900001, 2, '2026-03-18 16:53:20.838'),
(3, 900001, 3, '2026-03-18 16:53:20.838'),
(4, 900001, 4, '2026-03-18 16:53:20.838'),
(5, 900001, 5, '2026-03-18 16:53:20.838'),
(6, 900001, 6, '2026-03-18 16:53:20.838'),
(7, 900001, 7, '2026-03-18 16:53:20.838'),
(8, 900001, 8, '2026-03-18 16:53:20.838'),
(9, 900001, 9, '2026-03-18 16:53:20.838'),
(10, 900001, 10, '2026-03-18 16:53:20.838'),
(11, 900001, 11, '2026-03-18 16:53:20.838'),
(12, 900001, 12, '2026-03-18 16:53:20.838'),
(13, 900001, 13, '2026-03-18 16:53:20.838'),
(14, 900001, 14, '2026-03-18 16:53:20.838'),
(15, 900001, 15, '2026-03-18 16:53:20.838'),
(16, 900001, 16, '2026-03-18 16:53:20.838'),
(17, 900001, 17, '2026-03-18 16:53:20.838'),
(18, 900001, 18, '2026-03-18 16:53:20.838'),
(19, 900001, 19, '2026-03-18 16:53:20.838'),
(20, 900001, 20, '2026-03-18 16:53:20.838'),
(21, 900001, 21, '2026-03-18 16:53:20.838'),
(22, 900001, 22, '2026-03-18 16:53:20.838'),
(23, 900001, 23, '2026-03-18 16:53:20.838'),
(24, 900001, 24, '2026-03-18 16:53:20.838'),
(25, 900001, 25, '2026-03-18 16:53:20.838'),
(26, 900001, 26, '2026-03-18 16:53:20.838'),
(27, 900001, 27, '2026-03-18 16:53:20.838');

INSERT INTO bankAccess_parameterData (
    id, bankAccess_id, parameterData_id, pdValue, updatedAt
) VALUES

(80, 900000, 80, 'HIBSLS', '2026-03-18 17:05:41.374'),
(81, 900000, 81, '2', '2026-03-18 17:05:41.374'),
(82, 900000, 82, '4', '2026-03-18 17:05:41.374'),
(83, 900000, 83, '1', '2026-03-18 17:05:41.374'),
(84, 900000, 84, 'HIPAES', '2026-03-18 17:05:41.374'),
(85, 900000, 85, '0', '2026-03-18 17:05:41.375'),
(86, 900000, 86, '360', '2026-03-18 17:05:41.375'),
(87, 900000, 87, '1', '2026-03-18 17:05:41.375'),
(88, 900000, 88, 'HKQTG', '2026-03-18 17:05:41.375'),
(89, 900000, 89, 'N', '2026-03-18 17:05:41.375'),
(90, 900000, 90, '2', '2026-03-18 17:05:41.375'),
(91, 900000, 91, 'mobileTAN', '2026-03-18 17:05:41.375'),
(92, 900000, 92, '1', '2026-03-18 17:05:41.375'),
(93, 900000, 93, 'HKIPM', '2026-03-18 17:05:41.375'),
(94, 900000, 94, 'HISALS', '2026-03-18 17:05:41.375'),
(95, 900000, 95, '2', '2026-03-18 17:05:41.375'),
(96, 900000, 96, '0102030612', '2026-03-18 17:05:41.375'),
(97, 900000, 97, 'N', '2026-03-18 17:05:41.375'),
(98, 900000, 98, 'HIDSES', '2026-03-18 17:05:41.375'),
(99, 900000, 99, '2', '2026-03-18 17:05:41.375'),
(100, 900000, 100, 'N', '2026-03-18 17:05:41.376'),
(101, 900000, 101, 'N', '2026-03-18 17:05:41.376'),
(102, 900000, 102, '1', '2026-03-18 17:05:41.376'),
(103, 900000, 103, '4', '2026-03-18 17:05:41.376'),
(104, 900000, 104, '1', '2026-03-18 17:05:41.376'),
(105, 900000, 105, '2', '2026-03-18 17:05:41.376'),
(106, 900000, 106, '1', '2026-03-18 17:05:41.376'),
(107, 900000, 107, '1', '2026-03-18 17:05:41.376'),
(108, 900000, 108, '1', '2026-03-18 17:05:41.376'),
(109, 900000, 109, '2048', '2026-03-18 17:05:41.376'),
(110, 900000, 110, '3', '2026-03-18 17:05:41.376'),
(111, 900000, 111, 'HKDMB', '2026-03-18 17:05:41.376'),
(112, 900000, 112, '1', '2026-03-18 17:05:41.376'),
(113, 900000, 113, 'J', '2026-03-18 17:05:41.376'),
(114, 900000, 114, '4', '2026-03-18 17:05:41.376'),
(115, 900000, 115, '1', '2026-03-18 17:05:41.376'),
(116, 900000, 116, '42', '2026-03-18 17:05:41.377'),
(117, 900000, 117, '1', '2026-03-18 17:05:41.377'),
(118, 900000, 118, 'HKKAA', '2026-03-18 17:05:41.377'),
(119, 900000, 119, 'HKVPP', '2026-03-18 17:05:41.377'),
(120, 900000, 120, 'HIIPMS', '2026-03-18 17:05:41.377'),
(121, 900000, 121, 'sepade:xsd:pain.008.001.08.xsd', '2026-03-18 17:05:41.377'),
(122, 900000, 122, 'sepade:xsd:pain.008.001.02_GBIC_3.xsd', '2026-03-18 17:05:41.377'),
(123, 900000, 123, 'sepade:xsd:pain.008.001.02_GBIC_2.xsd', '2026-03-18 17:05:41.377'),
(124, 900000, 124, '4', '2026-03-18 17:05:41.377'),
(125, 900000, 125, '1', '2026-03-18 17:05:41.377'),
(126, 900000, 126, '58', '2026-03-18 17:05:41.377'),
(127, 900000, 127, '1', '2026-03-18 17:05:41.377'),
(128, 900000, 128, 'sepade:xsd:pain.001.001.03_GBIC_2.xsd', '2026-03-18 17:05:41.377'),
(129, 900000, 129, 'sepade:xsd:pain.001.001.03.xsd', '2026-03-18 17:05:41.377'),
(130, 900000, 130, 'sepade:xsd:pain.008.001.08_GBIC_5.xsd', '2026-03-18 17:05:41.377'),
(131, 900000, 131, 'Smart-TAN plus manuell', '2026-03-18 17:05:41.377'),
(132, 900000, 132, 'sepade:xsd:pain.008.001.08_GBIC_4.xsd', '2026-03-18 17:05:41.377'),
(133, 900000, 133, '1', '2026-03-18 17:05:41.378'),
(134, 900000, 134, '36', '2026-03-18 17:05:41.378'),
(135, 900000, 135, 'HIVISS', '2026-03-18 17:05:41.378'),
(136, 900000, 136, '1', '2026-03-18 17:05:41.378'),
(137, 900000, 137, 'N', '2026-03-18 17:05:41.378'),
(138, 900000, 138, 'HIDMBS', '2026-03-18 17:05:41.378'),
(139, 900000, 139, 'N', '2026-03-18 17:05:41.378'),
(140, 900000, 140, '4', '2026-03-18 17:05:41.378'),
(141, 900000, 141, '18', '2026-03-18 17:05:41.378'),
(142, 900000, 142, '50', '2026-03-18 17:05:41.378'),
(143, 900000, 143, '35', '2026-03-18 17:05:41.378'),
(144, 900000, 144, '150', '2026-03-18 17:05:41.378'),
(145, 900000, 145, '7', '2026-03-18 17:05:41.378'),
(146, 900000, 146, '1', '2026-03-18 17:05:41.378'),
(147, 900000, 147, '360', '2026-03-18 17:05:41.378'),
(148, 900000, 148, 'HKEKA', '2026-03-18 17:05:41.378'),
(149, 900000, 149, 'J', '2026-03-18 17:05:41.378'),
(150, 900000, 150, '1', '2026-03-18 17:05:41.378'),
(151, 900000, 151, '16', '2026-03-18 17:05:41.378'),
(152, 900000, 152, '1', '2026-03-18 17:05:41.378'),
(153, 900000, 153, 'J', '2026-03-18 17:05:41.378'),
(154, 900000, 154, 'HIBAZS', '2026-03-18 17:05:41.380'),
(155, 900000, 155, 'N', '2026-03-18 17:05:41.380'),
(156, 900000, 156, 'DECOUPLED', '2026-03-18 17:05:41.380'),
(157, 900000, 157, '30530500', '2026-03-18 17:05:41.380'),
(158, 900000, 158, '1', '2026-03-18 17:05:41.380'),
(159, 900000, 159, '1', '2026-03-18 17:05:41.380'),
(160, 900000, 160, '1', '2026-03-18 17:05:41.380'),
(161, 900000, 161, 'HIDMLS', '2026-03-18 17:05:41.380'),
(162, 900000, 162, '1', '2026-03-18 17:05:41.380'),
(163, 900000, 163, '4', '2026-03-18 17:05:41.380'),
(164, 900000, 164, '1', '2026-03-18 17:05:41.380'),
(165, 900000, 165, '51', '2026-03-18 17:05:41.380'),
(166, 900000, 166, '4', '2026-03-18 17:05:41.380'),
(167, 900000, 167, '1', '2026-03-18 17:05:41.380'),
(168, 900000, 168, '1', '2026-03-18 17:05:41.380'),
(169, 900000, 169, '4', '2026-03-18 17:05:41.380'),
(170, 900000, 170, 'N', '2026-03-18 17:05:41.380'),
(171, 900000, 171, '1', '2026-03-18 17:05:41.381'),
(172, 900000, 172, '1', '2026-03-18 17:05:41.381'),
(173, 900000, 173, '999', '2026-03-18 17:05:41.381'),
(174, 900000, 174, '2048', '2026-03-18 17:05:41.381'),
(175, 900000, 175, '740', '2026-03-18 17:05:41.381'),
(176, 900000, 176, 'sepade:xsd:pain.008.001.02.xsd', '2026-03-18 17:05:41.381'),
(177, 900000, 177, 'sepade:xsd:pain.008.001.02_GBIC_2.xsd', '2026-03-18 17:05:41.381'),
(178, 900000, 178, '300', '2026-03-18 17:05:41.381'),
(179, 900000, 179, 'HIWPDS', '2026-03-18 17:05:41.381'),
(180, 900000, 180, '1', '2026-03-18 17:05:41.381'),
(181, 900000, 181, 'HHDOPT1', '2026-03-18 17:05:41.381'),
(182, 900000, 182, '1', '2026-03-18 17:05:41.381'),
(183, 900000, 183, '1', '2026-03-18 17:05:41.381'),
(184, 900000, 184, 'HIBSAS', '2026-03-18 17:05:41.381'),
(185, 900000, 185, 'J', '2026-03-18 17:05:41.381'),
(186, 900000, 186, '946', '2026-03-18 17:05:41.381'),
(187, 900000, 187, '1', '2026-03-18 17:05:41.382'),
(188, 900000, 188, 'J', '2026-03-18 17:05:41.382'),
(189, 900000, 189, '1', '2026-03-18 17:05:41.382'),
(190, 900000, 190, 'J', '2026-03-18 17:05:41.382'),
(191, 900000, 191, 'N', '2026-03-18 17:05:41.382'),
(192, 900000, 192, 'HKZDL', '2026-03-18 17:05:41.382'),
(193, 900000, 193, 'N', '2026-03-18 17:05:41.382'),
(194, 900000, 194, '1', '2026-03-18 17:05:41.382'),
(195, 900000, 195, 'urn:iso:std:iso:20022:tech:xsd:camt.053.001.08', '2026-03-18 17:05:41.382'),
(196, 900000, 196, '35', '2026-03-18 17:05:41.382'),
(197, 900000, 197, 'N', '2026-03-18 17:05:41.382'),
(198, 900000, 198, 'J', '2026-03-18 17:05:41.382'),
(199, 900000, 199, '1', '2026-03-18 17:05:41.382'),
(200, 900000, 200, '66', '2026-03-18 17:05:41.382'),
(201, 900000, 201, 'HKCSE', '2026-03-18 17:05:41.382'),
(202, 900000, 202, '4', '2026-03-18 17:05:41.382'),
(203, 900000, 203, '1', '2026-03-18 17:05:41.383'),
(204, 900000, 204, '942', '2026-03-18 17:05:41.383'),
(205, 900000, 205, 'N', '2026-03-18 17:05:41.383'),
(206, 900000, 206, 'mobile TAN', '2026-03-18 17:05:41.383'),
(207, 900000, 207, '2', '2026-03-18 17:05:41.383'),
(208, 900000, 208, 'N', '2026-03-18 17:05:41.383'),
(209, 900000, 209, '1', '2026-03-18 17:05:41.383'),
(210, 900000, 210, '52', '2026-03-18 17:05:41.383'),
(211, 900000, 211, 'HIKAAS', '2026-03-18 17:05:41.383'),
(212, 900000, 212, 'HICCMS', '2026-03-18 17:05:41.383'),
(213, 900000, 213, '1', '2026-03-18 17:05:41.383'),
(214, 900000, 214, '1', '2026-03-18 17:05:41.383'),
(215, 900000, 215, '2', '2026-03-18 17:05:41.383'),
(216, 900000, 216, '1', '2026-03-18 17:05:41.383'),
(217, 900000, 217, 'HICSBS', '2026-03-18 17:05:41.383'),
(218, 900000, 218, '0', '2026-03-18 17:05:41.383'),
(219, 900000, 219, '2', '2026-03-18 17:05:41.383'),
(220, 900000, 220, '26', '2026-03-18 17:05:41.383'),
(221, 900000, 221, '4', '2026-03-18 17:05:41.383'),
(222, 900000, 222, 'HIAZSS', '2026-03-18 17:05:41.383'),
(223, 900000, 223, '1', '2026-03-18 17:05:41.383'),
(224, 900000, 224, '1', '2026-03-18 17:05:41.383'),
(225, 900000, 225, 'SMS', '2026-03-18 17:05:41.383'),
(226, 900000, 226, 'HIVPPS', '2026-03-18 17:05:41.383'),
(227, 900000, 227, '1', '2026-03-18 17:05:41.383'),
(228, 900000, 228, 'HKCME', '2026-03-18 17:05:41.383'),
(229, 900000, 229, '1', '2026-03-18 17:05:41.383'),
(230, 900000, 230, '1', '2026-03-18 17:05:41.383'),
(231, 900000, 231, '4', '2026-03-18 17:05:41.383'),
(232, 900000, 232, '1', '2026-03-18 17:05:41.383'),
(233, 900000, 233, 'J', '2026-03-18 17:05:41.383'),
(234, 900000, 234, '1', '2026-03-18 17:05:41.383'),
(235, 900000, 235, '48', '2026-03-18 17:05:41.383'),
(236, 900000, 236, 'HKCAZ', '2026-03-18 17:05:41.385'),
(237, 900000, 237, '1', '2026-03-18 17:05:41.385'),
(238, 900000, 238, 'J', '2026-03-18 17:05:41.385'),
(239, 900000, 239, 'HIBBSS', '2026-03-18 17:05:41.385'),
(240, 900000, 240, '1', '2026-03-18 17:05:41.385'),
(241, 900000, 241, 'J', '2026-03-18 17:05:41.385'),
(242, 900000, 242, '2', '2026-03-18 17:05:41.385'),
(243, 900000, 243, '1', '2026-03-18 17:05:41.385'),
(244, 900000, 244, '1', '2026-03-18 17:05:41.385'),
(245, 900000, 245, 'J', '2026-03-18 17:05:41.385'),
(246, 900000, 246, '1', '2026-03-18 17:05:41.385'),
(247, 900000, 247, '2', '2026-03-18 17:05:41.385'),
(248, 900000, 248, '01020304050607080910111213141516171819202122232425262728293099', '2026-03-18 17:05:41.385'),
(249, 900000, 249, '0;1;110000', '2026-03-18 17:05:41.385'),
(250, 900000, 250, '1.4', '2026-03-18 17:05:41.385'),
(251, 900000, 251, 'HIIPES', '2026-03-18 17:05:41.386'),
(252, 900000, 252, '44', '2026-03-18 17:05:41.386'),
(253, 900000, 253, '1', '2026-03-18 17:05:41.386'),
(254, 900000, 254, '4', '2026-03-18 17:05:41.386'),
(255, 900000, 255, '22', '2026-03-18 17:05:41.386'),
(256, 900000, 256, '1', '2026-03-18 17:05:41.386'),
(257, 900000, 257, '1', '2026-03-18 17:05:41.386'),
(258, 900000, 258, 'N', '2026-03-18 17:05:41.386'),
(259, 900000, 259, '1', '2026-03-18 17:05:41.386'),
(260, 900000, 260, '4', '2026-03-18 17:05:41.386'),
(261, 900000, 261, '1', '2026-03-18 17:05:41.386'),
(262, 900000, 262, '0', '2026-03-18 17:05:41.386'),
(263, 900000, 263, '4', '2026-03-18 17:05:41.386'),
(264, 900000, 264, 'J', '2026-03-18 17:05:41.386'),
(265, 900000, 265, 'N', '2026-03-18 17:05:41.386'),
(266, 900000, 266, '1', '2026-03-18 17:05:41.386'),
(267, 900000, 267, '1', '2026-03-18 17:05:41.387'),
(268, 900000, 268, '4', '2026-03-18 17:05:41.387'),
(269, 900000, 269, 'N', '2026-03-18 17:05:41.387'),
(270, 900000, 270, 'HICSAS', '2026-03-18 17:05:41.387'),
(271, 900000, 271, '1', '2026-03-18 17:05:41.387'),
(272, 900000, 272, 'HKCUB', '2026-03-18 17:05:41.387'),
(273, 900000, 273, 'N', '2026-03-18 17:05:41.387'),
(274, 900000, 274, 'J', '2026-03-18 17:05:41.387'),
(275, 900000, 275, 'J', '2026-03-18 17:05:41.387'),
(276, 900000, 276, 'N', '2026-03-18 17:05:41.387'),
(277, 900000, 277, '1', '2026-03-18 17:05:41.387'),
(278, 900000, 278, '1', '2026-03-18 17:05:41.387'),
(279, 900000, 279, '1', '2026-03-18 17:05:41.387'),
(280, 900000, 280, '2', '2026-03-18 17:05:41.387'),
(281, 900000, 281, 'sepade:xsd:pain.001.001.03_GBIC_3.xsd', '2026-03-18 17:05:41.387'),
(282, 900000, 282, 'J', '2026-03-18 17:05:41.388'),
(283, 900000, 283, 'HHD1.4OPT', '2026-03-18 17:05:41.388'),
(284, 900000, 284, '1', '2026-03-18 17:05:41.388'),
(285, 900000, 285, '1', '2026-03-18 17:05:41.388'),
(286, 900000, 286, '1', '2026-03-18 17:05:41.388'),
(287, 900000, 287, '4', '2026-03-18 17:05:41.388'),
(288, 900000, 288, '500', '2026-03-18 17:05:41.388'),
(289, 900000, 289, 'N', '2026-03-18 17:05:41.388'),
(290, 900000, 290, 'HIBMBS', '2026-03-18 17:05:41.388'),
(291, 900000, 291, '0', '2026-03-18 17:05:41.388'),
(292, 900000, 292, '4', '2026-03-18 17:05:41.388'),
(293, 900000, 293, '15000,', '2026-03-18 17:05:41.388'),
(294, 900000, 294, 'N', '2026-03-18 17:05:41.388'),
(295, 900000, 295, 'HKBSL', '2026-03-18 17:05:41.388'),
(296, 900000, 296, '999', '2026-03-18 17:05:41.388'),
(297, 900000, 297, '1', '2026-03-18 17:05:41.388'),
(298, 900000, 298, '0;360', '2026-03-18 17:05:41.389'),
(299, 900000, 299, '21', '2026-03-18 17:05:41.389'),
(300, 900000, 300, 'HICMES', '2026-03-18 17:05:41.389'),
(301, 900000, 301, 'N', '2026-03-18 17:05:41.389'),
(302, 900000, 302, 'J', '2026-03-18 17:05:41.389'),
(303, 900000, 303, '1', '2026-03-18 17:05:41.389'),
(304, 900000, 304, 'HICCSS', '2026-03-18 17:05:41.389'),
(305, 900000, 305, '3', '2026-03-18 17:05:41.389'),
(306, 900000, 306, '1', '2026-03-18 17:05:41.389'),
(307, 900000, 307, 'HIBSES', '2026-03-18 17:05:41.389'),
(308, 900000, 308, '360', '2026-03-18 17:05:41.389'),
(309, 900000, 309, '1', '2026-03-18 17:05:41.389'),
(310, 900000, 310, '3', '2026-03-18 17:05:41.389'),
(311, 900000, 311, '00', '2026-03-18 17:05:41.389'),
(312, 900000, 312, 'HKCCS', '2026-03-18 17:05:41.389'),
(313, 900000, 313, '1', '2026-03-18 17:05:41.390'),
(314, 900000, 314, '1', '2026-03-18 17:05:41.390'),
(315, 900000, 315, 'J', '2026-03-18 17:05:41.390'),
(316, 900000, 316, 'N', '2026-03-18 17:05:41.390'),
(317, 900000, 317, 'HKCSL', '2026-03-18 17:05:41.390'),
(318, 900000, 318, 'HIDDBS', '2026-03-18 17:05:41.390'),
(319, 900000, 319, '1', '2026-03-18 17:05:41.390'),
(320, 900000, 320, 'HKZDA', '2026-03-18 17:05:41.390'),
(321, 900000, 321, 'HKZDF', '2026-03-18 17:05:41.390'),
(322, 900000, 322, 'J', '2026-03-18 17:05:41.390'),
(323, 900000, 323, '1', '2026-03-18 17:05:41.390'),
(324, 900000, 324, 'HKCME', '2026-03-18 17:05:41.390'),
(325, 900000, 325, 'HKCCM', '2026-03-18 17:05:41.390'),
(326, 900000, 326, 'HKIPE', '2026-03-18 17:05:41.390'),
(327, 900000, 327, 'J', '2026-03-18 17:05:41.391'),
(328, 900000, 328, 'HKIPM', '2026-03-18 17:05:41.391'),
(329, 900000, 329, 'HKIPT;1;811;89;;;74;;;128;4;IBAN.2;97;4;CtrlSum.1', '2026-03-18 17:05:41.391');

INSERT INTO bankAccess_parameterData (
    id, bankAccess_id, parameterData_id, pdValue, updatedAt
) VALUES

(330, 900000, 330, '1', '2026-03-18 17:05:41.391'),
(331, 900000, 331, '0', '2026-03-18 17:05:41.391'),
(332, 900000, 332, 'HKZDA;1;811;49;;;79;;;128;1;2,1;81;;;128;1;3;93;1;4,5', '2026-03-18 17:05:41.391'),
(333, 900000, 333, 'HKIPZ;1;811;87;;;74;;;128;4;IBAN.2;97;4;CtrlSum.1', '2026-03-18 17:05:41.391'),
(334, 900000, 334, 'HIDDNS', '2026-03-18 17:05:41.391'),
(335, 900000, 335, 'N', '2026-03-18 17:05:41.391'),
(336, 900000, 336, 'HKIPE;1;811;25;;;79;;;128;1;2,1;97;4;CtrlSum.1;93;4;NbOfTxs.1', '2026-03-18 17:05:41.391'),
(337, 900000, 337, 'HKIPM;1;811;90;;;79;;;128;4;IBAN.1;97;4;CtrlSum.1;93;4;NbOfTxs.1', '2026-03-18 17:05:41.391'),
(338, 900000, 338, 'HKZDF', '2026-03-18 17:05:41.391'),
(339, 900000, 339, 'HKTIA;1;811;42;;;74;;;128;4;IBAN.2;97;4;CtrlSum.1', '2026-03-18 17:05:41.391'),
(340, 900000, 340, '972', '2026-03-18 17:05:41.391'),
(341, 900000, 341, 'J', '2026-03-18 17:05:41.391'),
(342, 900000, 342, '2', '2026-03-18 17:05:41.391'),
(343, 900000, 343, '1', '2026-03-18 17:05:41.392'),
(344, 900000, 344, '1', '2026-03-18 17:05:41.392'),
(345, 900000, 345, '1', '2026-03-18 17:05:41.392'),
(346, 900000, 346, 'sepade:xsd:pain.001.001.09_GBIC_4.xsd', '2026-03-18 17:05:41.392'),
(347, 900000, 347, 'J', '2026-03-18 17:05:41.392'),
(348, 900000, 348, 'sepade:xsd:pain.001.001.09.xsd', '2026-03-18 17:05:41.392'),
(349, 900000, 349, 'HIZDFS', '2026-03-18 17:05:41.392'),
(350, 900000, 350, 'sepade:xsd:pain.001.001.03_GBIC_3.xsd', '2026-03-18 17:05:41.392'),
(351, 900000, 351, 'sepade:xsd:pain.001.001.03_GBIC_2.xsd', '2026-03-18 17:05:41.392'),
(352, 900000, 352, '1', '2026-03-18 17:05:41.392'),
(353, 900000, 353, '0', '2026-03-18 17:05:41.392'),
(354, 900000, 354, '1', '2026-03-18 17:05:41.392'),
(355, 900000, 355, '1', '2026-03-18 17:05:41.392'),
(356, 900000, 356, 'HKDSE;1;811;14;;;75;;;128;4;IBAN.2;97;4;CtrlSum.1', '2026-03-18 17:05:41.392'),
(357, 900000, 357, 'N', '2026-03-18 17:05:41.392'),
(358, 900000, 358, 'HKDSA;1;811;42;;;75;;;128;4;IBAN.2;97;4;CtrlSum.1', '2026-03-18 17:05:41.392'),
(359, 900000, 359, 'HKIPM', '2026-03-18 17:05:41.393'),
(360, 900000, 360, 'J', '2026-03-18 17:05:41.393'),
(361, 900000, 361, '1', '2026-03-18 17:05:41.393'),
(362, 900000, 362, 'N', '2026-03-18 17:05:41.393'),
(363, 900000, 363, 'HKIPE', '2026-03-18 17:05:41.393'),
(364, 900000, 364, '2', '2026-03-18 17:05:41.393'),
(365, 900000, 365, 'HKBSE;2;811;14;;;75;;;128;4;IBAN.2;97;4;CtrlSum.1', '2026-03-18 17:05:41.393'),
(366, 900000, 366, 'J', '2026-03-18 17:05:41.393'),
(367, 900000, 367, 'HKDSE;2;811;14;;;75;;;128;4;IBAN.2;97;4;CtrlSum.1', '2026-03-18 17:05:41.393'),
(368, 900000, 368, '1', '2026-03-18 17:05:41.393'),
(369, 900000, 369, '5', '2026-03-18 17:05:41.393'),
(370, 900000, 370, 'HKAUB;6;811;10;;;85;;;131;3;Z.3', '2026-03-18 17:05:41.393'),
(371, 900000, 371, 'sepade:xsd:pain.001.001.09_GBIC_5.xsd', '2026-03-18 17:05:41.393'),
(372, 900000, 372, 'HKDSL;1;811;39;;;79;;;128;4;IBAN.1;97;4;CtrlSum.1;81;;;128;4;MsgId.1', '2026-03-18 17:05:41.393'),
(373, 900000, 373, 'HKZDF;1;811;49;;;79;;;128;1;2,1;81;;;128;1;3;93;1;4,5', '2026-03-18 17:05:41.393'),
(374, 900000, 374, 'HKZDA', '2026-03-18 17:05:41.393'),
(375, 900000, 375, 'HKAUB;9;811;10;;;85;;;131;3;Z.3', '2026-03-18 17:05:41.393'),
(376, 900000, 376, '01', '2026-03-18 17:05:41.393'),
(377, 900000, 377, 'HKBME;2;811;18;;;73;;;128;4;IBAN.1;97;4;CtrlSum.1;93;4;NbOfTxs.1', '2026-03-18 17:05:41.393'),
(378, 900000, 378, 'HKDME;2;811;18;;;73;;;128;4;IBAN.1;97;4;CtrlSum.1;93;4;NbOfTxs.1', '2026-03-18 17:05:41.393'),
(379, 900000, 379, 'HKIPT', '2026-03-18 17:05:41.393'),
(380, 900000, 380, 'HIBMLS', '2026-03-18 17:05:41.393'),
(381, 900000, 381, 'HKTIA', '2026-03-18 17:05:41.393'),
(382, 900000, 382, 'HKIPD', '2026-03-18 17:05:41.393'),
(383, 900000, 383, '1', '2026-03-18 17:05:41.394'),
(384, 900000, 384, 'HKIDA', '2026-03-18 17:05:41.394'),
(385, 900000, 385, '2', '2026-03-18 17:05:41.394'),
(386, 900000, 386, '1', '2026-03-18 17:05:41.394'),
(387, 900000, 387, '1', '2026-03-18 17:05:41.394'),
(388, 900000, 388, '0;0;360', '2026-03-18 17:05:41.394'),
(389, 900000, 389, 'HKCML;1;811;39;;;79;;;128;1;3,1;97;1;7,1', '2026-03-18 17:05:41.394'),
(390, 900000, 390, '6', '2026-03-18 17:05:41.394'),
(391, 900000, 391, '0', '2026-03-18 17:05:41.394'),
(392, 900000, 392, '46', '2026-03-18 17:05:41.394'),
(393, 900000, 393, '1', '2026-03-18 17:05:41.394'),
(394, 900000, 394, 'HKCUM;1;811;5;;;74;;;128;4;IBAN.2;97;4;CtrlSum.1', '2026-03-18 17:05:41.394'),
(395, 900000, 395, 'HKCSL;1;811;39;;;79;;;128;4;IBAN.1;97;4;CtrlSum.1', '2026-03-18 17:05:41.394'),
(396, 900000, 396, 'HKCSE;1;811;21;;;74;;;128;4;IBAN.2;97;4;CtrlSum.1', '2026-03-18 17:05:41.394'),
(397, 900000, 397, 'HKCSA;1;811;42;;;74;;;128;4;IBAN.2;97;4;CtrlSum.1', '2026-03-18 17:05:41.394'),
(398, 900000, 398, 'HKDME;1;811;18;;;73;;;128;4;IBAN.1;97;4;CtrlSum.1;93;4;NbOfTxs.1', '2026-03-18 17:05:41.394'),
(399, 900000, 399, 'HKDDN;1;811;42;;;75;;;128;4;IBAN.2;97;4;CtrlSum.1', '2026-03-18 17:05:41.394'),
(400, 900000, 400, '65', '2026-03-18 17:05:41.395'),
(401, 900000, 401, 'HKDDL;1;811;39;;;75;;;128;4;IBAN.2;97;4;CtrlSum.1;81;;;128;4;MsgId.1', '2026-03-18 17:05:41.395'),
(402, 900000, 402, 'HKDDE;1;811;37;;;75;;;128;4;IBAN.2;97;4;CtrlSum.1', '2026-03-18 17:05:41.395'),
(403, 900000, 403, '1', '2026-03-18 17:05:41.395'),
(404, 900000, 404, 'HKDML;1;811;39;;;79;;;128;1;3,1;97;1;7,1;81;;;128;1;2', '2026-03-18 17:05:41.395'),
(405, 900000, 405, '0', '2026-03-18 17:05:41.395'),
(406, 900000, 406, '1', '2026-03-18 17:05:41.395'),
(407, 900000, 407, 'N', '2026-03-18 17:05:41.395'),
(408, 900000, 408, '1', '2026-03-18 17:05:41.395'),
(409, 900000, 409, 'DE', '2026-03-18 17:05:41.395'),
(410, 900000, 410, 'N', '2026-03-18 17:05:41.395'),
(411, 900000, 411, 'J', '2026-03-18 17:05:41.395'),
(412, 900000, 412, 'N', '2026-03-18 17:05:41.395'),
(413, 900000, 413, '1', '2026-03-18 17:05:41.395'),
(414, 900000, 414, '1', '2026-03-18 17:05:41.395'),
(415, 900000, 415, 'J', '2026-03-18 17:05:41.395'),
(416, 900000, 416, '76', '2026-03-18 17:05:41.396'),
(417, 900000, 417, '99', '2026-03-18 17:05:41.396'),
(418, 900000, 418, '1', '2026-03-18 17:05:41.396'),
(419, 900000, 419, 'HIPINS', '2026-03-18 17:05:41.396'),
(420, 900000, 420, 'N', '2026-03-18 17:05:41.396'),
(421, 900000, 421, '34', '2026-03-18 17:05:41.396'),
(422, 900000, 422, '4', '2026-03-18 17:05:41.396'),
(423, 900000, 423, 'HIBSES', '2026-03-18 17:05:41.396'),
(424, 900000, 424, '360', '2026-03-18 17:05:41.396'),
(425, 900000, 425, '1', '2026-03-18 17:05:41.396'),
(426, 900000, 426, '1', '2026-03-18 17:05:41.396'),
(427, 900000, 427, 'HKDME', '2026-03-18 17:05:41.396'),
(428, 900000, 428, '6', '2026-03-18 17:05:41.396'),
(429, 900000, 429, '6', '2026-03-18 17:05:41.396'),
(430, 900000, 430, '0', '2026-03-18 17:05:41.396'),
(431, 900000, 431, 'N', '2026-03-18 17:05:41.396'),
(432, 900000, 432, '0', '2026-03-18 17:05:41.396'),
(433, 900000, 433, '2048', '2026-03-18 17:05:41.397'),
(434, 900000, 434, '1', '2026-03-18 17:05:41.397'),
(435, 900000, 435, '4', '2026-03-18 17:05:41.397'),
(436, 900000, 436, 'J', '2026-03-18 17:05:41.397'),
(437, 900000, 437, '1', '2026-03-18 17:05:41.397'),
(438, 900000, 438, '5', '2026-03-18 17:05:41.397'),
(439, 900000, 439, '4', '2026-03-18 17:05:41.397'),
(440, 900000, 440, '1', '2026-03-18 17:05:41.397'),
(441, 900000, 441, '1', '2026-03-18 17:05:41.397'),
(442, 900000, 442, '2', '2026-03-18 17:05:41.397'),
(443, 900000, 443, '2', '2026-03-18 17:05:41.397'),
(444, 900000, 444, 'N', '2026-03-18 17:05:41.397'),
(445, 900000, 445, 'J', '2026-03-18 17:05:41.397'),
(446, 900000, 446, '1', '2026-03-18 17:05:41.397'),
(447, 900000, 447, 'J', '2026-03-18 17:05:41.397'),
(448, 900000, 448, '00', '2026-03-18 17:05:41.397'),
(449, 900000, 449, '1', '2026-03-18 17:05:41.398'),
(450, 900000, 450, '7', '2026-03-18 17:05:41.398'),
(451, 900000, 451, '2', '2026-03-18 17:05:41.398'),
(452, 900000, 452, '4', '2026-03-18 17:05:41.398'),
(453, 900000, 453, 'J', '2026-03-18 17:05:41.398'),
(454, 900000, 454, '3650', '2026-03-18 17:05:41.398'),
(455, 900000, 455, '1', '2026-03-18 17:05:41.398'),
(456, 900000, 456, 'J', '2026-03-18 17:05:41.398'),
(457, 900000, 457, 'J', '2026-03-18 17:05:41.398'),
(458, 900000, 458, 'J', '2026-03-18 17:05:41.398'),
(459, 900000, 459, '62', '2026-03-18 17:05:41.398'),
(460, 900000, 460, '1', '2026-03-18 17:05:41.398'),
(461, 900000, 461, 'HKDDL', '2026-03-18 17:05:41.398'),
(462, 900000, 462, '1', '2026-03-18 17:05:41.398'),
(463, 900000, 463, 'N', '2026-03-18 17:05:41.398'),
(464, 900000, 464, '4', '2026-03-18 17:05:41.398'),
(465, 900000, 465, '2', '2026-03-18 17:05:41.398'),
(466, 900000, 466, '1', '2026-03-18 17:05:41.399'),
(467, 900000, 467, '68', '2026-03-18 17:05:41.399'),
(468, 900000, 468, '4', '2026-03-18 17:05:41.399'),
(469, 900000, 469, '1', '2026-03-18 17:05:41.399'),
(470, 900000, 470, '1', '2026-03-18 17:05:41.399'),
(471, 900000, 471, '53', '2026-03-18 17:05:41.399'),
(472, 900000, 472, 'HIEKAS', '2026-03-18 17:05:41.399'),
(473, 900000, 473, '962', '2026-03-18 17:05:41.399'),
(474, 900000, 474, '67', '2026-03-18 17:05:41.399'),
(475, 900000, 475, '360', '2026-03-18 17:05:41.399'),
(476, 900000, 476, '1.4', '2026-03-18 17:05:41.399'),
(477, 900000, 477, '49', '2026-03-18 17:05:41.399'),
(478, 900000, 478, '9', '2026-03-18 17:05:41.399'),
(479, 900000, 479, 'HKPSP', '2026-03-18 17:05:41.399'),
(480, 900000, 480, '1', '2026-03-18 17:05:41.399'),
(481, 900000, 481, 'HIIPTS', '2026-03-18 17:05:41.399'),
(482, 900000, 482, '1', '2026-03-18 17:05:41.399'),
(483, 900000, 483, '1', '2026-03-18 17:05:41.400'),
(484, 900000, 484, '1', '2026-03-18 17:05:41.400'),
(485, 900000, 485, '1', '2026-03-18 17:05:41.400'),
(486, 900000, 486, 'HKIPS', '2026-03-18 17:05:41.400'),
(487, 900000, 487, 'N', '2026-03-18 17:05:41.400'),
(488, 900000, 488, 'HITANS', '2026-03-18 17:05:41.400'),
(489, 900000, 489, '4', '2026-03-18 17:05:41.400'),
(490, 900000, 490, '69', '2026-03-18 17:05:41.400'),
(491, 900000, 491, '39', '2026-03-18 17:05:41.400'),
(492, 900000, 492, 'N', '2026-03-18 17:05:41.400'),
(493, 900000, 493, '1', '2026-03-18 17:05:41.400'),
(494, 900000, 494, '1', '2026-03-18 17:05:41.400'),
(495, 900000, 495, '40', '2026-03-18 17:05:41.400'),
(496, 900000, 496, '00', '2026-03-18 17:05:41.400'),
(497, 900000, 497, '4', '2026-03-18 17:05:41.400'),
(498, 900000, 498, '999', '2026-03-18 17:05:41.400'),
(499, 900000, 499, '0;0;360', '2026-03-18 17:05:41.401'),
(500, 900000, 500, '4', '2026-03-18 17:05:41.401'),
(501, 900000, 501, '1', '2026-03-18 17:05:41.401'),
(502, 900000, 502, 'J', '2026-03-18 17:05:41.401'),
(503, 900000, 503, 'N', '2026-03-18 17:05:41.401'),
(504, 900000, 504, 'N', '2026-03-18 17:05:41.401'),
(505, 900000, 505, '4', '2026-03-18 17:05:41.401'),
(506, 900000, 506, '4', '2026-03-18 17:05:41.401'),
(507, 900000, 507, 'urn:iso:std:iso:20022:tech:xsd:camt.052.001.08', '2026-03-18 17:05:41.401'),
(508, 900000, 508, '4', '2026-03-18 17:05:41.402'),
(509, 900000, 509, 'J', '2026-03-18 17:05:41.402'),
(510, 900000, 510, '1', '2026-03-18 17:05:41.402'),
(511, 900000, 511, '6', '2026-03-18 17:05:41.402'),
(512, 900000, 512, 'HIKAUS', '2026-03-18 17:05:41.402'),
(513, 900000, 513, '1', '2026-03-18 17:05:41.402'),
(514, 900000, 514, '1', '2026-03-18 17:05:41.402'),
(515, 900000, 515, '1', '2026-03-18 17:05:41.402'),
(516, 900000, 516, 'J', '2026-03-18 17:05:41.402'),
(517, 900000, 517, 'HKSAL', '2026-03-18 17:05:41.402'),
(518, 900000, 518, '63', '2026-03-18 17:05:41.402'),
(519, 900000, 519, '1', '2026-03-18 17:05:41.402'),
(520, 900000, 520, '2006', '2026-03-18 17:05:41.402'),
(521, 900000, 521, '3', '2026-03-18 17:05:41.402'),
(522, 900000, 522, 'J', '2026-03-18 17:05:41.402'),
(523, 900000, 523, 'N', '2026-03-18 17:05:41.402'),
(524, 900000, 524, 'HKDSL', '2026-03-18 17:05:41.403'),
(525, 900000, 525, 'N', '2026-03-18 17:05:41.403'),
(526, 900000, 526, '4', '2026-03-18 17:05:41.403'),
(527, 900000, 527, '1', '2026-03-18 17:05:41.403'),
(528, 900000, 528, '37', '2026-03-18 17:05:41.403'),
(529, 900000, 529, 'HIWDUS', '2026-03-18 17:05:41.403'),
(530, 900000, 530, '999', '2026-03-18 17:05:41.403'),
(531, 900000, 531, '2', '2026-03-18 17:05:41.403'),
(532, 900000, 532, '1', '2026-03-18 17:05:41.403'),
(533, 900000, 533, '1', '2026-03-18 17:05:41.403'),
(534, 900000, 534, 'Smart-TAN plus optisch / USB', '2026-03-18 17:05:41.403'),
(535, 900000, 535, '1', '2026-03-18 17:05:41.403'),
(536, 900000, 536, '1', '2026-03-18 17:05:41.403'),
(537, 900000, 537, 'HIKIFS', '2026-03-18 17:05:41.403'),
(538, 900000, 538, '5', '2026-03-18 17:05:41.403'),
(539, 900000, 539, 'HKZDA', '2026-03-18 17:05:41.403'),
(540, 900000, 540, '0', '2026-03-18 17:05:41.403'),
(541, 900000, 541, '14', '2026-03-18 17:05:41.404'),
(542, 900000, 542, '1', '2026-03-18 17:05:41.404'),
(543, 900000, 543, '1', '2026-03-18 17:05:41.404'),
(544, 900000, 544, 'J', '2026-03-18 17:05:41.404'),
(545, 900000, 545, 'J', '2026-03-18 17:05:41.404'),
(546, 900000, 546, '4;PDF;1', '2026-03-18 17:05:41.404'),
(547, 900000, 547, 'J', '2026-03-18 17:05:41.404'),
(548, 900000, 548, 'HKBML', '2026-03-18 17:05:41.404'),
(549, 900000, 549, '4', '2026-03-18 17:05:41.404'),
(550, 900000, 550, 'J', '2026-03-18 17:05:41.404'),
(551, 900000, 551, 'sepade:xsd:pain.008.001.02.xsd', '2026-03-18 17:05:41.404'),
(552, 900000, 552, 'HKDSE', '2026-03-18 17:05:41.404'),
(553, 900000, 553, '1', '2026-03-18 17:05:41.404'),
(554, 900000, 554, 'HKCSA', '2026-03-18 17:05:41.404'),
(555, 900000, 555, '1', '2026-03-18 17:05:41.404'),
(556, 900000, 556, 'J', '2026-03-18 17:05:41.404'),
(557, 900000, 557, '7', '2026-03-18 17:05:41.404'),
(558, 900000, 558, '1', '2026-03-18 17:05:41.404'),
(559, 900000, 559, '1', '2026-03-18 17:05:41.404'),
(560, 900000, 560, 'N', '2026-03-18 17:05:41.404'),
(561, 900000, 561, '1', '2026-03-18 17:05:41.404'),
(562, 900000, 562, '100;Kundenmitteilung', '2026-03-18 17:05:41.405'),
(563, 900000, 563, '1', '2026-03-18 17:05:41.405'),
(564, 900000, 564, 'mobileTAN', '2026-03-18 17:05:41.405'),
(565, 900000, 565, '1', '2026-03-18 17:05:41.405'),
(566, 900000, 566, '1', '2026-03-18 17:05:41.405'),
(567, 900000, 567, '2', '2026-03-18 17:05:41.405'),
(568, 900000, 568, '1', '2026-03-18 17:05:41.405'),
(569, 900000, 569, 'HKBMB', '2026-03-18 17:05:41.405'),
(570, 900000, 570, '1', '2026-03-18 17:05:41.405'),
(571, 900000, 571, '1;L;;Bankauftrag;;;;1;L;;allgemein;;;;2;L;;Legitimation;;;;2;L;;Benutzerkennung;;;;3;L;;Version;;;;4;L;;Überweisung;;;;5;L;;Umbuchung;;;;6;L;;Umbuchung;;;;6;L;;terminiert;;;;7;L;;Überweisung;;;;7;L;;Referenzkonto;;;;8;L;;Überweisung;;;;8;L;;SEPA/EU;;;;9;L;;Überweisung;;;;9;L;;Inland;;;;10;L;;Überweisung;;;;10;L;;Ausland;;;;11;L;;Sammel-;;;;11;L;;Überweisung;;;;12;L;;Sammelüberw.;;;;12;L;;SEPA;;;;13;L;;Sammelüberw.;;;;13;L;;Ausland;;;;14;L;;Lastschrift;;;;15;L;;Rückgabe;;;;15;L;;Lastschrift;;;;16;L;;Lastschrift;;;;16;L;;SEPA;;;;17;L;;Lastschrift;;;;17;L;;Ausland;;;;18;L;;Sammel-;;;;18;L;;Lastschrift;;;;19;L;;Sammellasts.;;;;19;L;;SEPA;;;;20;L;;Sammellasts.;;;;20;L;;Ausland;;;;21;L;;Termin-;;;;21;L;;Überweisung;;;;22;L;;Terminüberw.;;;;22;L;;SEPA;;;;23;L;;Terminüberw.;;;;23;L;;Ausland;;;;24;L;;Terminüberw.;;;;24;L;;Sammel Inl.;;;;25;L;;Terminüberw.;;;;25;L;;Sammel SEPA;;;;26;L;;Terminüberw.;;;;26;L;;Sammel Ausl.;;;;27;L;;Terminlasts.;;;;27;L;;Inland;;;;28;L;;Terminlasts.;;;;28;L;;SEPA;;;;29;L;;Terminlasts.;;;;29;L;;Ausland;;;;30;L;;Terminlasts.;;;;30;L;;Sammel Inl.;;;;31;L;;Terminlasts.;;;;31;L;;Sammel SEPA;;;;32;L;;Terminlasts.;;;;32;L;;Sammel Ausl.;;;;33;L;;Dauerüberw.;;;;33;L;;Inland;;;;34;L;;Dauer-;;;;34;L;;Überweisung;;;;35;L;;Dauerüberw.;;;;35;L;;Ausland;;;;36;L;;Dauerlasts.;;;;36;L;;Inland;;;;37;L;;Dauerlasts.;;;;37;L;;SEPA;;;;38;L;;Bestand;;;;38;L;;abfragen;;;;39;L;;Löschen;;;;39;L;;Auftrag;;;;40;L;;Aussetzen;;;;40;L;;Auftrag;;;;41;L;;Aussetzen;;;;41;L;;Auftrag;;;;42;L;;Ändern;;;;42;L;;Auftrag;;;;43;L;;Ändern;;;;43;L;;Auftrag;;;;44;L;;Freigabe;;;;44;L;;Überw. DTAUS;;;;45;L;;Freigabe;;;;45;L;;Lasts. DTAUS;;;;46;L;;Freigabe;;;;46;L;;Überw. DTAZV;;;;47;L;;Freigabe;;;;47;L;;Überw. SEPA;;;;48;L;;Freigabe;;;;48;L;;Lasts. SEPA;;;;49;L;;Freigabe;;;;49;L;;DSRZ-Dateien;;;;50;L;;Kontoauszug;;;;50;L;;u. Quittung;;;;51;L;;Kontoauszug;;;;51;L;;an/abmelden;;;;52;L;;Postfach;;;;52;L;;an/abmelden;;;;53;L;;Postkorb;;;;54;L;;Datentresor;;;;55;L;;Wertpapier;;;;55;L;;Kauf;;;;56;L;;Wertpapier;;;;56;L;;Verkauf;;;;57;L;;Wertpapier;;;;57;L;;Geschäft;;;;58;L;;Anlage;;;;58;L;;Abschluss;;;;59;L;;Kredit;;;;59;L;;Abschluss;;;;60;L;;Produkt;;;;60;L;;Kauf;;;;61;L;;Versicherung;;;;61;L;;Abschluss;;;;62;L;;Service;;;;62;L;;Funktionen;;;;63;L;;TAN-Medien;;;;63;L;;Management;;;;64;L;;Mobiltelefon;;;;64;L;;laden;;;;65;L;;GeldKarte;;;;65;L;;laden;;;;66;L;;Zahlung;;;;66;L;;Internet;;;;67;L;;Geldtransfer;;;;67;L;;Internet;;;;68;L;;Freistellung;;;;69;L;;Adresse;;;;69;L;;ändern;;;;70;L;;Wertpapier;;;;70;L;;Kauf;;;;71;L;;Wertpapier;;;;71;L;;Verkauf;;;;72;L;;Wertpapier;;;;72;L;;Geschäft;;;;73;L;;Eigene;;;;73;L;;IBAN;;;;74;L;;IBAN;;;;74;L;;Empfänger;;;;75;L;;IBAN;;;;75;L;;Zahler;;;;76;L;;IBAN;;;;76;L;;Absender;;;;77;L;;Kunden;;;;77;L;;Nummer;;;;78;L;;Vertrags-;;;;78;L;;Kennung;;;;79;L;;Eigene;;;;79;L;;IBAN;;;;80;L;;Name;;;;81;L;;Auftrags-;;;;81;L;;Identifikation;;;;82;L;;Händler;;;;82;L;;Name;;;;83;L;;Karten-;;;;83;L;;nummer;;;;84;L;;TAN;;;;84;L;;Medium;;;;85;L;;Summe nur;;;;85;L;;Vorkommastellen;;;;86;L;;Freistellung;;;;86;L;;ändern;;;;87;L;;Überweisung;;;;87;L;;Instant Payment;;;;88;L;;Dauerüberw.;;;;88;L;;Instant Payment;;;;89;L;;Terminüberw.;;;;89;L;;Instant Payment;;;;90;L;;Echtzeit.;;;;90;L;;Sammelüberweis.;;;;91;L;;Adresse:;;;;91;L;16;#;;;;92;L;;Angebots-Nr:;;;;92;R;16;#;;;;93;L;;Anzahl:;;;;93;R;16;#;;;;94;L;;Auftrags-ID:;;;;94;L;16;#;;;;95;L;;Aut.Merkmal:;;;;95;L;16;#;;;;96;L;;Bankdaten:;;;;96;L;16;#;;;;97;L;;Betrag:;;;;97;R;16;#;;;;98;L;;BIC Empf.:;;;;98;L;16;#;;;;99;L;;BLZ Abs.:;;;;99;R;16;#;;;;100;L;;BLZ Empfänger;;;;100;R;16;#;;;;101;L;;BLZ Karte:;;;;101;R;16;#;;;;102;L;;BLZ Zahler:;;;;102;R;16;#;;;;103;L;;Eigene BLZ:;;;;103;R;16;#;;;;104;L;;Eigenes Kto:;;;;104;R;16;#;;;;105;L;;Geburtsdatum;;;;105;L;16;#;;;;106;L;;Händlername:;;;;106;L;16;#;;;;107;L;;ISIN:;;;;107;L;16;#;;;;108;L;;Kartennummer;;;;108;R;16;#;;;;109;L;;Konto Abs.:;;;;109;R;16;#;;;;110;L;;Konto Empfänger;;;;110;R;16;#;;;;111;L;;Konto Zahler;;;;111;R;16;#;;;;112;L;;Kreditkarte:;;;;112;R;16;#;;;;113;L;;Limit:;;;;113;R;16;#;;;;114;L;;Menge:;;;;114;R;16;#;;;;115;L;;Mobilfunknummer;;;;115;R;16;#;;;;116;L;;Name Empf.:;;;;116;L;16;#;;;;117;L;;Postleitzahl;;;;117;R;16;#;;;;118;L;;Rate:;;;;118;R;16;#;;;;119;L;;Referenzkto:;;;;119;R;16;#;;;;120;L;;Referenzzahl;;;;120;R;16;#;;;;121;L;;Stücke/Nom.:;;;;121;R;16;#;;;;122;L;;TAN-Medium;;;;122;L;16;#;;;;123;L;;Termin:;;;;123;L;16;#;;;;124;L;;Vertrag.Kenn;;;;124;L;16;#;;;;125;L;;WP-Kenn-Nr:;;;;125;R;16;#;;;;126;L;;Kunden-Nr.;;;;126;R;16;#;;;;127;L;;Summe;;;;127;R;16;#;;;;128;L;32;#;;;;129;R;32;#;;;;130;L;16;#;;;;131;R;16;#;;;', '2026-03-18 17:05:41.405'),
(572, 900000, 572, '4', '2026-03-18 17:05:41.405'),
(573, 900000, 573, '27', '2026-03-18 17:05:41.405'),
(574, 900000, 574, '1', '2026-03-18 17:05:41.405'),
(575, 900000, 575, '400', '2026-03-18 17:05:41.405'),
(576, 900000, 576, '5', '2026-03-18 17:05:41.405'),
(577, 900000, 577, '1', '2026-03-18 17:05:41.405'),
(578, 900000, 578, '4', '2026-03-18 17:05:41.406'),
(579, 900000, 579, NULL, '2026-03-18 17:05:41.406');

INSERT INTO bankAccess_parameterData (
    id, bankAccess_id, parameterData_id, pdValue, updatedAt
) VALUES

(580, 900000, 580, NULL, '2026-03-18 17:05:41.406'),
(581, 900000, 581, 'N', '2026-03-18 17:05:41.406'),
(582, 900000, 582, '00;010000;230000', '2026-03-18 17:05:41.406'),
(583, 900000, 583, 'HKDBS', '2026-03-18 17:05:41.406'),
(584, 900000, 584, NULL, '2026-03-18 17:05:41.406'),
(585, 900000, 585, 'B', '2026-03-18 17:05:41.406'),
(586, 900000, 586, 'N', '2026-03-18 17:05:41.406'),
(587, 900000, 587, 'J', '2026-03-18 17:05:41.406'),
(588, 900000, 588, '29', '2026-03-18 17:05:41.406'),
(589, 900000, 589, 'N', '2026-03-18 17:05:41.406'),
(590, 900000, 590, 'N', '2026-03-18 17:05:41.406'),
(591, 900000, 591, '4', '2026-03-18 17:05:41.406'),
(592, 900000, 592, 'sepade:xsd:pain.008.001.02.xsd', '2026-03-18 17:05:41.406'),
(593, 900000, 593, '1', '2026-03-18 17:05:41.406'),
(594, 900000, 594, 'J', '2026-03-18 17:05:41.407'),
(595, 900000, 595, '1', '2026-03-18 17:05:41.407'),
(596, 900000, 596, 'N', '2026-03-18 17:05:41.407'),
(597, 900000, 597, 'HICAZS', '2026-03-18 17:05:41.407'),
(598, 900000, 598, '2', '2026-03-18 17:05:41.407'),
(599, 900000, 599, 'N', '2026-03-18 17:05:41.407'),
(600, 900000, 600, 'N', '2026-03-18 17:05:41.407'),
(601, 900000, 601, '1', '2026-03-18 17:05:41.407'),
(602, 900000, 602, '12345', '2026-03-18 17:05:41.407'),
(603, 900000, 603, '360', '2026-03-18 17:05:41.407'),
(604, 900000, 604, 'HKKAU', '2026-03-18 17:05:41.407'),
(605, 900000, 605, '23', '2026-03-18 17:05:41.407'),
(606, 900000, 606, '1', '2026-03-18 17:05:41.407'),
(607, 900000, 607, 'HISALS', '2026-03-18 17:05:41.407'),
(608, 900000, 608, '4', '2026-03-18 17:05:41.407'),
(609, 900000, 609, '12', '2026-03-18 17:05:41.407'),
(610, 900000, 610, '1', '2026-03-18 17:05:41.408'),
(611, 900000, 611, 'HKWDU', '2026-03-18 17:05:41.408'),
(612, 900000, 612, 'HKIPE', '2026-03-18 17:05:41.408'),
(613, 900000, 613, '1', '2026-03-18 17:05:41.408'),
(614, 900000, 614, 'sepade:xsd:pain.001.001.09_GBIC_4.xsd', '2026-03-18 17:05:41.408'),
(615, 900000, 615, 'sepade:xsd:pain.001.001.09.xsd', '2026-03-18 17:05:41.408'),
(616, 900000, 616, '4', '2026-03-18 17:05:41.408'),
(617, 900000, 617, 'sepade:xsd:pain.001.001.09_GBIC_5.xsd', '2026-03-18 17:05:41.408'),
(618, 900000, 618, '999', '2026-03-18 17:05:41.408'),
(619, 900000, 619, 'N', '2026-03-18 17:05:41.408'),
(620, 900000, 620, 'N', '2026-03-18 17:05:41.408'),
(621, 900000, 621, 'Bank11 für Privatkunden und Handel GmbH', '2026-03-18 17:05:41.408'),
(622, 900000, 622, '6', '2026-03-18 17:05:41.408'),
(623, 900000, 623, '1', '2026-03-18 17:05:41.408'),
(624, 900000, 624, 'N', '2026-03-18 17:05:41.408'),
(625, 900000, 625, '4', '2026-03-18 17:05:41.408'),
(626, 900000, 626, '360', '2026-03-18 17:05:41.408'),
(627, 900000, 627, '2', '2026-03-18 17:05:41.409'),
(628, 900000, 628, '360', '2026-03-18 17:05:41.409'),
(629, 900000, 629, 'J', '2026-03-18 17:05:41.409'),
(630, 900000, 630, '4', '2026-03-18 17:05:41.409'),
(631, 900000, 631, '1', '2026-03-18 17:05:41.409'),
(632, 900000, 632, 'HIDDES', '2026-03-18 17:05:41.409'),
(633, 900000, 633, '1000', '2026-03-18 17:05:41.409'),
(634, 900000, 634, 'HICUBS', '2026-03-18 17:05:41.409'),
(635, 900000, 635, 'J', '2026-03-18 17:05:41.409'),
(636, 900000, 636, '4', '2026-03-18 17:05:41.409'),
(637, 900000, 637, '1', '2026-03-18 17:05:41.409'),
(638, 900000, 638, 'MS1.0.0', '2026-03-18 17:05:41.409'),
(639, 900000, 639, '1', '2026-03-18 17:05:41.409'),
(640, 900000, 640, '4', '2026-03-18 17:05:41.409'),
(641, 900000, 641, '1', '2026-03-18 17:05:41.409'),
(642, 900000, 642, '4', '2026-03-18 17:05:41.409'),
(643, 900000, 643, '1', '2026-03-18 17:05:41.410'),
(644, 900000, 644, '1', '2026-03-18 17:05:41.410'),
(645, 900000, 645, '2', '2026-03-18 17:05:41.410'),
(646, 900000, 646, 'Bank11-Kennung oder Alias', '2026-03-18 17:05:41.410'),
(647, 900000, 647, '4', '2026-03-18 17:05:41.410'),
(648, 900000, 648, 'N', '2026-03-18 17:05:41.410'),
(649, 900000, 649, '982', '2026-03-18 17:05:41.410'),
(650, 900000, 650, '1', '2026-03-18 17:05:41.410'),
(651, 900000, 651, 'J', '2026-03-18 17:05:41.410'),
(652, 900000, 652, 'J', '2026-03-18 17:05:41.410'),
(653, 900000, 653, 'N', '2026-03-18 17:05:41.410'),
(654, 900000, 654, '4', '2026-03-18 17:05:41.410'),
(655, 900000, 655, '20', '2026-03-18 17:05:41.410'),
(656, 900000, 656, '1', '2026-03-18 17:05:41.410'),
(657, 900000, 657, '2', '2026-03-18 17:05:41.410'),
(658, 900000, 658, '999', '2026-03-18 17:05:41.410'),
(659, 900000, 659, '1', '2026-03-18 17:05:41.410'),
(660, 900000, 660, '55', '2026-03-18 17:05:41.411'),
(661, 900000, 661, '1', '2026-03-18 17:05:41.411'),
(662, 900000, 662, 'HIBMES', '2026-03-18 17:05:41.411'),
(663, 900000, 663, 'J', '2026-03-18 17:05:41.411'),
(664, 900000, 664, '1', '2026-03-18 17:05:41.411'),
(665, 900000, 665, '1', '2026-03-18 17:05:41.411'),
(666, 900000, 666, '1', '2026-03-18 17:05:41.411'),
(667, 900000, 667, 'N', '2026-03-18 17:05:41.411'),
(668, 900000, 668, '1', '2026-03-18 17:05:41.411'),
(669, 900000, 669, '1', '2026-03-18 17:05:41.411'),
(670, 900000, 670, 'HKDDN', '2026-03-18 17:05:41.411'),
(671, 900000, 671, 'HIIPSS', '2026-03-18 17:05:41.411'),
(672, 900000, 672, '2', '2026-03-18 17:05:41.411'),
(673, 900000, 673, '1', '2026-03-18 17:05:41.411'),
(674, 900000, 674, '4', '2026-03-18 17:05:41.411'),
(675, 900000, 675, '2', '2026-03-18 17:05:41.411'),
(676, 900000, 676, '1', '2026-03-18 17:05:41.411'),
(677, 900000, 677, 'HKDDB', '2026-03-18 17:05:41.412'),
(678, 900000, 678, 'Decoupled', '2026-03-18 17:05:41.412'),
(679, 900000, 679, '944', '2026-03-18 17:05:41.412'),
(680, 900000, 680, '10', '2026-03-18 17:05:41.412'),
(681, 900000, 681, 'RDH', '2026-03-18 17:05:41.412'),
(682, 900000, 682, '1', '2026-03-18 17:05:41.412'),
(683, 900000, 683, 'N', '2026-03-18 17:05:41.412'),
(684, 900000, 684, '1', '2026-03-18 17:05:41.412'),
(685, 900000, 685, '8', '2026-03-18 17:05:41.412'),
(686, 900000, 686, 'HKCUM', '2026-03-18 17:05:41.412'),
(687, 900000, 687, '4', '2026-03-18 17:05:41.412'),
(688, 900000, 688, '1', '2026-03-18 17:05:41.412'),
(689, 900000, 689, '11', '2026-03-18 17:05:41.412'),
(690, 900000, 690, '0', '2026-03-18 17:05:41.412'),
(691, 900000, 691, 'N', '2026-03-18 17:05:41.412'),
(692, 900000, 692, 'CORE', '2026-03-18 17:05:41.412'),
(693, 900000, 693, '43', '2026-03-18 17:05:41.413'),
(694, 900000, 694, 'HKSPA', '2026-03-18 17:05:41.413'),
(695, 900000, 695, '4', '2026-03-18 17:05:41.413'),
(696, 900000, 696, 'urn:iso:std:iso:20022:tech:xsd:pain.002.001.10', '2026-03-18 17:05:41.413'),
(697, 900000, 697, 'J', '2026-03-18 17:05:41.413'),
(698, 900000, 698, '1', '2026-03-18 17:05:41.413'),
(699, 900000, 699, 'N', '2026-03-18 17:05:41.413'),
(700, 900000, 700, 'J', '2026-03-18 17:05:41.413'),
(701, 900000, 701, 'HIQTGS', '2026-03-18 17:05:41.413'),
(702, 900000, 702, NULL, '2026-03-18 17:05:41.413'),
(703, 900000, 703, '2', '2026-03-18 17:05:41.413'),
(704, 900000, 704, NULL, '2026-03-18 17:05:41.413'),
(705, 900000, 705, '00;010000;230000', '2026-03-18 17:05:41.413'),
(706, 900000, 706, NULL, '2026-03-18 17:05:41.413'),
(707, 900000, 707, '2', '2026-03-18 17:05:41.413'),
(708, 900000, 708, 'B', '2026-03-18 17:05:41.413'),
(709, 900000, 709, 'N', '2026-03-18 17:05:41.413'),
(710, 900000, 710, '0', '2026-03-18 17:05:41.413'),
(711, 900000, 711, '400', '2026-03-18 17:05:41.413'),
(712, 900000, 712, '5', '2026-03-18 17:05:41.413'),
(713, 900000, 713, 'J', '2026-03-18 17:05:41.413'),
(714, 900000, 714, 'HITANS', '2026-03-18 17:05:41.413'),
(715, 900000, 715, '1', '2026-03-18 17:05:41.413'),
(716, 900000, 716, '1', '2026-03-18 17:05:41.413'),
(717, 900000, 717, '4', '2026-03-18 17:05:41.414'),
(718, 900000, 718, '2', '2026-03-18 17:05:41.414'),
(719, 900000, 719, '4', '2026-03-18 17:05:41.414'),
(720, 900000, 720, '1', '2026-03-18 17:05:41.414'),
(721, 900000, 721, 'HKBAZ', '2026-03-18 17:05:41.414'),
(722, 900000, 722, 'HKDML', '2026-03-18 17:05:41.414'),
(723, 900000, 723, 'N', '2026-03-18 17:05:41.414'),
(724, 900000, 724, '4', '2026-03-18 17:05:41.414'),
(725, 900000, 725, '4', '2026-03-18 17:05:41.414'),
(726, 900000, 726, '1', '2026-03-18 17:05:41.414'),
(727, 900000, 727, '17', '2026-03-18 17:05:41.414'),
(728, 900000, 728, 'HKBME', '2026-03-18 17:05:41.414'),
(729, 900000, 729, 'J', '2026-03-18 17:05:41.414'),
(730, 900000, 730, 'HKBML;1;811;39;;;79;;;128;1;3,1;97;1;7,1;81;;;128;1;2', '2026-03-18 17:05:41.414'),
(731, 900000, 731, '1', '2026-03-18 17:05:41.414'),
(732, 900000, 732, 'HIBMES', '2026-03-18 17:05:41.414'),
(733, 900000, 733, 'HKBME;1;811;18;;;73;;;128;4;IBAN.1;97;4;CtrlSum.1;93;4;NbOfTxs.1', '2026-03-18 17:05:41.414'),
(734, 900000, 734, '1', '2026-03-18 17:05:41.415'),
(735, 900000, 735, '500', '2026-03-18 17:05:41.415'),
(736, 900000, 736, 'HKCME;1;811;25;;;79;;;128;1;2,1;97;4;CtrlSum.1;93;4;NbOfTxs.1', '2026-03-18 17:05:41.415'),
(737, 900000, 737, 'HKCCS;1;811;4;;;74;;;128;4;IBAN.2;97;4;CtrlSum.1', '2026-03-18 17:05:41.415'),
(738, 900000, 738, 'N', '2026-03-18 17:05:41.415'),
(739, 900000, 739, 'HKBSE;1;811;14;;;75;;;128;4;IBAN.2;97;4;CtrlSum.1', '2026-03-18 17:05:41.415'),
(740, 900000, 740, 'HKBSA;1;811;42;;;75;;;128;4;IBAN.2;97;4;CtrlSum.1', '2026-03-18 17:05:41.415'),
(741, 900000, 741, 'HKCCM;1;811;11;;;79;;;128;4;IBAN.1;97;4;CtrlSum.1;93;4;NbOfTxs.1', '2026-03-18 17:05:41.415'),
(742, 900000, 742, '4', '2026-03-18 17:05:41.415'),
(743, 900000, 743, 'HKBSL;1;811;39;;;79;;;128;4;IBAN.1;97;4;CtrlSum.1;81;;;128;4;MsgId.1', '2026-03-18 17:05:41.415'),
(744, 900000, 744, '4', '2026-03-18 17:05:41.415'),
(745, 900000, 745, '0', '2026-03-18 17:05:41.415'),
(746, 900000, 746, '1', '2026-03-18 17:05:41.415'),
(747, 900000, 747, '57', '2026-03-18 17:05:41.415'),
(748, 900000, 748, 'sepade:xsd:pain.001.001.09_GBIC_5.xsd', '2026-03-18 17:05:41.415'),
(749, 900000, 749, '1', '2026-03-18 17:05:41.415'),
(750, 900000, 750, '99', '2026-03-18 17:05:41.416'),
(751, 900000, 751, 'sepade:xsd:pain.001.001.09.xsd', '2026-03-18 17:05:41.416'),
(752, 900000, 752, 'HIKOM', '2026-03-18 17:05:41.416'),
(753, 900000, 753, 'sepade:xsd:pain.001.001.09_GBIC_4.xsd', '2026-03-18 17:05:41.416'),
(754, 900000, 754, 'J', '2026-03-18 17:05:41.416'),
(755, 900000, 755, '1', '2026-03-18 17:05:41.416'),
(756, 900000, 756, NULL, '2026-03-18 17:05:41.416'),
(757, 900000, 757, '4', '2026-03-18 17:05:41.416'),
(758, 900000, 758, '400', '2026-03-18 17:05:41.416'),
(759, 900000, 759, '999', '2026-03-18 17:05:41.416'),
(760, 900000, 760, '5', '2026-03-18 17:05:41.416'),
(761, 900000, 761, 'HITIAS', '2026-03-18 17:05:41.416'),
(762, 900000, 762, '1', '2026-03-18 17:05:41.416'),
(763, 900000, 763, '1', '2026-03-18 17:05:41.416'),
(764, 900000, 764, '71', '2026-03-18 17:05:41.416'),
(765, 900000, 765, 'N', '2026-03-18 17:05:41.416'),
(766, 900000, 766, '1', '2026-03-18 17:05:41.416'),
(767, 900000, 767, 'sepade:xsd:pain.001.001.03_GBIC_3.xsd', '2026-03-18 17:05:41.416'),
(768, 900000, 768, 'sepade:xsd:pain.001.001.09.xsd', '2026-03-18 17:05:41.416'),
(769, 900000, 769, 'sepade:xsd:pain.001.001.09_GBIC_4.xsd', '2026-03-18 17:05:41.416'),
(770, 900000, 770, 'sepade:xsd:pain.001.001.09_GBIC_5.xsd', '2026-03-18 17:05:41.416'),
(771, 900000, 771, 'HKBBS', '2026-03-18 17:05:41.416'),
(772, 900000, 772, 'DE', '2026-03-18 17:05:41.416'),
(773, 900000, 773, 'HIECAS', '2026-03-18 17:05:41.416'),
(774, 900000, 774, '1', '2026-03-18 17:05:41.416'),
(775, 900000, 775, '00', '2026-03-18 17:05:41.418'),
(776, 900000, 776, '1', '2026-03-18 17:05:41.418'),
(777, 900000, 777, '30', '2026-03-18 17:05:41.418'),
(778, 900000, 778, 'HKVOO', '2026-03-18 17:05:41.418'),
(779, 900000, 779, '0', '2026-03-18 17:05:41.418'),
(780, 900000, 780, 'J', '2026-03-18 17:05:41.418'),
(781, 900000, 781, 'sepade:xsd:pain.001.001.03.xsd', '2026-03-18 17:05:41.418'),
(782, 900000, 782, 'HIDMES', '2026-03-18 17:05:41.418'),
(783, 900000, 783, 'HKPOF', '2026-03-18 17:05:41.418'),
(784, 900000, 784, 'sepade:xsd:pain.001.001.03_GBIC_2.xsd', '2026-03-18 17:05:41.418'),
(785, 900000, 785, '1', '2026-03-18 17:05:41.418'),
(786, 900000, 786, '1', '2026-03-18 17:05:41.418'),
(787, 900000, 787, 'N', '2026-03-18 17:05:41.418'),
(788, 900000, 788, '66', '2026-03-18 17:05:41.418'),
(789, 900000, 789, 'N', '2026-03-18 17:05:41.418'),
(790, 900000, 790, 'HISHV', '2026-03-18 17:05:41.418'),
(791, 900000, 791, 'N', '2026-03-18 17:05:41.418'),
(792, 900000, 792, '360', '2026-03-18 17:05:41.419'),
(793, 900000, 793, 'HICMLS', '2026-03-18 17:05:41.419'),
(794, 900000, 794, '1', '2026-03-18 17:05:41.419'),
(795, 900000, 795, 'J', '2026-03-18 17:05:41.419'),
(796, 900000, 796, '1', '2026-03-18 17:05:41.419'),
(797, 900000, 797, 'HHD1.4', '2026-03-18 17:05:41.419'),
(798, 900000, 798, '1', '2026-03-18 17:05:41.419'),
(799, 900000, 799, 'J', '2026-03-18 17:05:41.419'),
(800, 900000, 800, '1', '2026-03-18 17:05:41.419'),
(801, 900000, 801, 'N', '2026-03-18 17:05:41.419'),
(802, 900000, 802, '4', '2026-03-18 17:05:41.419'),
(803, 900000, 803, 'HKIPT', '2026-03-18 17:05:41.419'),
(804, 900000, 804, '1', '2026-03-18 17:05:41.419'),
(805, 900000, 805, 'sepade:xsd:pain.001.001.03.xsd', '2026-03-18 17:05:41.419'),
(806, 900000, 806, '4', '2026-03-18 17:05:41.419'),
(807, 900000, 807, 'HISPAS', '2026-03-18 17:05:41.419'),
(808, 900000, 808, '0', '2026-03-18 17:05:41.419'),
(809, 900000, 809, '9', '2026-03-18 17:05:41.420'),
(810, 900000, 810, 'N', '2026-03-18 17:05:41.420'),
(811, 900000, 811, '7', '2026-03-18 17:05:41.420'),
(812, 900000, 812, 'J', '2026-03-18 17:05:41.420'),
(813, 900000, 813, '1', '2026-03-18 17:05:41.420'),
(814, 900000, 814, '1', '2026-03-18 17:05:41.420'),
(815, 900000, 815, 'HIVPAS', '2026-03-18 17:05:41.420'),
(816, 900000, 816, '1', '2026-03-18 17:05:41.420'),
(817, 900000, 817, 'N', '2026-03-18 17:05:41.420'),
(818, 900000, 818, 'N', '2026-03-18 17:05:41.420'),
(819, 900000, 819, 'N', '2026-03-18 17:05:41.420'),
(820, 900000, 820, 'HKPAE', '2026-03-18 17:05:41.420'),
(821, 900000, 821, 'sepade:xsd:pain.001.001.09_GBIC_4.xsd', '2026-03-18 17:05:41.420'),
(822, 900000, 822, 'sepade:xsd:pain.001.001.09.xsd', '2026-03-18 17:05:41.420'),
(823, 900000, 823, 'sepade:xsd:pain.001.001.09_GBIC_5.xsd', '2026-03-18 17:05:41.420'),
(824, 900000, 824, NULL, '2026-03-18 17:05:41.420'),
(825, 900000, 825, NULL, '2026-03-18 17:05:41.421'),
(826, 900000, 826, NULL, '2026-03-18 17:05:41.421'),
(827, 900000, 827, '1', '2026-03-18 17:05:41.421'),
(828, 900000, 828, NULL, '2026-03-18 17:05:41.421'),
(829, 900000, 829, NULL, '2026-03-18 17:05:41.421');

INSERT INTO bankAccess_parameterData (
    id, bankAccess_id, parameterData_id, pdValue, updatedAt
) VALUES

(830, 900000, 830, '20', '2026-03-18 17:05:41.421'),
(831, 900000, 831, 'N', '2026-03-18 17:05:41.421'),
(832, 900000, 832, 'HIPOFS', '2026-03-18 17:05:41.421'),
(833, 900000, 833, NULL, '2026-03-18 17:05:41.421'),
(834, 900000, 834, 'sepade:xsd:pain.001.001.09_GBIC_4.xsd', '2026-03-18 17:05:41.421'),
(835, 900000, 835, NULL, '2026-03-18 17:05:41.421'),
(836, 900000, 836, 'sepade:xsd:pain.001.001.09_GBIC_5.xsd', '2026-03-18 17:05:41.421'),
(837, 900000, 837, 'sepade:xsd:pain.001.001.09.xsd', '2026-03-18 17:05:41.421'),
(838, 900000, 838, 'HICMBS', '2026-03-18 17:05:41.421'),
(839, 900000, 839, '1', '2026-03-18 17:05:41.421'),
(840, 900000, 840, 'J', '2026-03-18 17:05:41.422'),
(841, 900000, 841, '1', '2026-03-18 17:05:41.422'),
(842, 900000, 842, 'N', '2026-03-18 17:05:41.422'),
(843, 900000, 843, '360', '2026-03-18 17:05:41.422'),
(844, 900000, 844, 'N', '2026-03-18 17:05:41.422'),
(845, 900000, 845, '0;360', '2026-03-18 17:05:41.422'),
(846, 900000, 846, '1', '2026-03-18 17:05:41.422'),
(847, 900000, 847, 'HKTIA', '2026-03-18 17:05:41.422'),
(848, 900000, 848, '1', '2026-03-18 17:05:41.422'),
(849, 900000, 849, '1', '2026-03-18 17:05:41.422'),
(850, 900000, 850, '1', '2026-03-18 17:05:41.422'),
(851, 900000, 851, 'HKCCM', '2026-03-18 17:05:41.422'),
(852, 900000, 852, '38', '2026-03-18 17:05:41.422'),
(853, 900000, 853, 'N', '2026-03-18 17:05:41.422'),
(854, 900000, 854, '1', '2026-03-18 17:05:41.422'),
(855, 900000, 855, 'ACCT;CASH;OTHR;', '2026-03-18 17:05:41.422'),
(856, 900000, 856, '00', '2026-03-18 17:05:41.423'),
(857, 900000, 857, 'sepade:xsd:pain.008.003.02.xsd', '2026-03-18 17:05:41.423'),
(858, 900000, 858, '400', '2026-03-18 17:05:41.423'),
(859, 900000, 859, 'HKAUB', '2026-03-18 17:05:41.423'),
(860, 900000, 860, 'N', '2026-03-18 17:05:41.423'),
(861, 900000, 861, '1', '2026-03-18 17:05:41.423'),
(862, 900000, 862, '1', '2026-03-18 17:05:41.423'),
(863, 900000, 863, '1', '2026-03-18 17:05:41.423'),
(864, 900000, 864, '1', '2026-03-18 17:05:41.423'),
(865, 900000, 865, '1', '2026-03-18 17:05:41.423'),
(866, 900000, 866, 'N', '2026-03-18 17:05:41.423'),
(867, 900000, 867, '2048', '2026-03-18 17:05:41.423'),
(868, 900000, 868, 'sepade:xsd:pain.001.001.09_GBIC_5.xsd', '2026-03-18 17:05:41.423'),
(869, 900000, 869, 'sepade:xsd:pain.001.001.09.xsd', '2026-03-18 17:05:41.423'),
(870, 900000, 870, 'sepade:xsd:pain.001.001.09_GBIC_4.xsd', '2026-03-18 17:05:41.423'),
(871, 900000, 871, 'J', '2026-03-18 17:05:41.423'),
(872, 900000, 872, NULL, '2026-03-18 17:05:41.423'),
(873, 900000, 873, '2048', '2026-03-18 17:05:41.423'),
(874, 900000, 874, '1', '2026-03-18 17:05:41.423'),
(875, 900000, 875, '72', '2026-03-18 17:05:41.423'),
(876, 900000, 876, 'HKCMB', '2026-03-18 17:05:41.423'),
(877, 900000, 877, 'J', '2026-03-18 17:05:41.423'),
(878, 900000, 878, '28', '2026-03-18 17:05:41.423'),
(879, 900000, 879, '1', '2026-03-18 17:05:41.423'),
(880, 900000, 880, 'N', '2026-03-18 17:05:41.424'),
(881, 900000, 881, 'HIPSPS', '2026-03-18 17:05:41.424'),
(882, 900000, 882, 'SecureGo plus (Direktfreigabe)', '2026-03-18 17:05:41.424'),
(883, 900000, 883, '400', '2026-03-18 17:05:41.424'),
(884, 900000, 884, '1', '2026-03-18 17:05:41.424'),
(885, 900000, 885, 'N', '2026-03-18 17:05:41.424'),
(886, 900000, 886, '3650', '2026-03-18 17:05:41.424'),
(887, 900000, 887, 'sepade:xsd:pain.008.003.02.xsd', '2026-03-18 17:05:41.424'),
(888, 900000, 888, 'J', '2026-03-18 17:05:41.424'),
(889, 900000, 889, '1', '2026-03-18 17:05:41.424'),
(890, 900000, 890, 'sepade:xsd:pain.008.001.02_GBIC_2.xsd', '2026-03-18 17:05:41.424'),
(891, 900000, 891, 'sepade:xsd:pain.008.001.02.xsd', '2026-03-18 17:05:41.424'),
(892, 900000, 892, 'HKBSA', '2026-03-18 17:05:41.424'),
(893, 900000, 893, '1', '2026-03-18 17:05:41.424'),
(894, 900000, 894, '1', '2026-03-18 17:05:41.424'),
(895, 900000, 895, '1', '2026-03-18 17:05:41.424'),
(896, 900000, 896, '4', '2026-03-18 17:05:41.425'),
(897, 900000, 897, 'HKBSE', '2026-03-18 17:05:41.425'),
(898, 900000, 898, '4', '2026-03-18 17:05:41.425'),
(899, 900000, 899, '1', '2026-03-18 17:05:41.425'),
(900, 900000, 900, '1', '2026-03-18 17:05:41.425'),
(901, 900000, 901, '1', '2026-03-18 17:05:41.425'),
(902, 900000, 902, 'J', '2026-03-18 17:05:41.425'),
(903, 900000, 903, 'J', '2026-03-18 17:05:41.425'),
(904, 900000, 904, '4', '2026-03-18 17:05:41.425'),
(905, 900000, 905, '2', '2026-03-18 17:05:41.425'),
(906, 900000, 906, '54', '2026-03-18 17:05:41.425'),
(907, 900000, 907, '1', '2026-03-18 17:05:41.425'),
(908, 900000, 908, '61', '2026-03-18 17:05:41.425'),
(909, 900000, 909, '24', '2026-03-18 17:05:41.425'),
(910, 900000, 910, '1', '2026-03-18 17:05:41.425'),
(911, 900000, 911, 'HIDDLS', '2026-03-18 17:05:41.425'),
(912, 900000, 912, '4', '2026-03-18 17:05:41.425'),
(913, 900000, 913, '1', '2026-03-18 17:05:41.426'),
(914, 900000, 914, '1', '2026-03-18 17:05:41.426'),
(915, 900000, 915, '1773849884495', '2026-03-18 17:05:41.426'),
(916, 900000, 916, '1', '2026-03-18 17:05:41.426'),
(917, 900000, 917, '1', '2026-03-18 17:05:41.426'),
(918, 900000, 918, 'J', '2026-03-18 17:05:41.426'),
(919, 900000, 919, 'HIZDLS', '2026-03-18 17:05:41.426'),
(920, 900000, 920, '2048', '2026-03-18 17:05:41.426'),
(921, 900000, 921, '1', '2026-03-18 17:05:41.426'),
(922, 900000, 922, '59', '2026-03-18 17:05:41.426'),
(923, 900000, 923, '1', '2026-03-18 17:05:41.426'),
(924, 900000, 924, 'N', '2026-03-18 17:05:41.426'),
(925, 900000, 925, '1', '2026-03-18 17:05:41.426'),
(926, 900000, 926, '6', '2026-03-18 17:05:41.426'),
(927, 900000, 927, '1', '2026-03-18 17:05:41.426'),
(928, 900000, 928, 'HIDBSS', '2026-03-18 17:05:41.426'),
(929, 900000, 929, '6', '2026-03-18 17:05:41.426'),
(930, 900000, 930, '1', '2026-03-18 17:05:41.427'),
(931, 900000, 931, 'J', '2026-03-18 17:05:41.427'),
(932, 900000, 932, '4', '2026-03-18 17:05:41.427'),
(933, 900000, 933, 'PIN', '2026-03-18 17:05:41.427'),
(934, 900000, 934, 'MTAN2', '2026-03-18 17:05:41.427'),
(935, 900000, 935, '7', '2026-03-18 17:05:41.427'),
(936, 900000, 936, '1', '2026-03-18 17:05:41.427'),
(937, 900000, 937, 'HKDSA', '2026-03-18 17:05:41.427'),
(938, 900000, 938, '1', '2026-03-18 17:05:41.427'),
(939, 900000, 939, '300', '2026-03-18 17:05:41.427'),
(940, 900000, 940, 'HIAUBS', '2026-03-18 17:05:41.427'),
(941, 900000, 941, '4', '2026-03-18 17:05:41.427'),
(942, 900000, 942, '4', '2026-03-18 17:05:41.427'),
(943, 900000, 943, 'HKCSB', '2026-03-18 17:05:41.427'),
(944, 900000, 944, '1', '2026-03-18 17:05:41.427'),
(945, 900000, 945, '74', '2026-03-18 17:05:41.427'),
(946, 900000, 946, 'TAN', '2026-03-18 17:05:41.427'),
(947, 900000, 947, '1', '2026-03-18 17:05:41.428'),
(948, 900000, 948, 'HKVPA', '2026-03-18 17:05:41.428'),
(949, 900000, 949, '1', '2026-03-18 17:05:41.428'),
(950, 900000, 950, 'HKCML', '2026-03-18 17:05:41.428'),
(951, 900000, 951, 'TAN', '2026-03-18 17:05:41.428'),
(952, 900000, 952, 'J', '2026-03-18 17:05:41.428'),
(953, 900000, 953, 'J', '2026-03-18 17:05:41.428'),
(954, 900000, 954, '0', '2026-03-18 17:05:41.428'),
(955, 900000, 955, '75', '2026-03-18 17:05:41.428'),
(956, 900000, 956, '6', '2026-03-18 17:05:41.428'),
(957, 900000, 957, 'HKECA', '2026-03-18 17:05:41.428'),
(958, 900000, 958, 'J', '2026-03-18 17:05:41.428'),
(959, 900000, 959, '1', '2026-03-18 17:05:41.428'),
(960, 900000, 960, '1', '2026-03-18 17:05:41.428'),
(961, 900000, 961, '1', '2026-03-18 17:05:41.428'),
(962, 900000, 962, '60', '2026-03-18 17:05:41.428'),
(963, 900000, 963, '13', '2026-03-18 17:05:41.429'),
(964, 900000, 964, '1', '2026-03-18 17:05:41.429'),
(965, 900000, 965, '4', '2026-03-18 17:05:41.429'),
(966, 900000, 966, '360', '2026-03-18 17:05:41.429'),
(967, 900000, 967, '70', '2026-03-18 17:05:41.429'),
(968, 900000, 968, '999', '2026-03-18 17:05:41.429'),
(969, 900000, 969, '4', '2026-03-18 17:05:41.429'),
(970, 900000, 970, '1', '2026-03-18 17:05:41.429'),
(971, 900000, 971, '1', '2026-03-18 17:05:41.429'),
(972, 900000, 972, 'N', '2026-03-18 17:05:41.429'),
(973, 900000, 973, '41', '2026-03-18 17:05:41.429'),
(974, 900000, 974, '1', '2026-03-18 17:05:41.429'),
(975, 900000, 975, '1', '2026-03-18 17:05:41.429'),
(976, 900000, 976, '1', '2026-03-18 17:05:41.429'),
(977, 900000, 977, 'J', '2026-03-18 17:05:41.429'),
(978, 900000, 978, '15', '2026-03-18 17:05:41.429'),
(979, 900000, 979, '1', '2026-03-18 17:05:41.429'),
(980, 900000, 980, '4', '2026-03-18 17:05:41.430'),
(981, 900000, 981, 'J', '2026-03-18 17:05:41.430'),
(982, 900000, 982, 'SECUREGO', '2026-03-18 17:05:41.430'),
(983, 900000, 983, '1', '2026-03-18 17:05:41.430'),
(984, 900000, 984, '1', '2026-03-18 17:05:41.430'),
(985, 900000, 985, '400', '2026-03-18 17:05:41.430'),
(986, 900000, 986, 'fints1.atruvia.de', '2026-03-18 17:05:41.430'),
(987, 900000, 987, 'N', '2026-03-18 17:05:41.430'),
(988, 900000, 988, 'Smart-TAN photo', '2026-03-18 17:05:41.430'),
(989, 900000, 989, '0', '2026-03-18 17:05:41.430'),
(990, 900000, 990, '1', '2026-03-18 17:05:41.430'),
(991, 900000, 991, '0;0;1;130000', '2026-03-18 17:05:41.430'),
(992, 900000, 992, '4', '2026-03-18 17:05:41.430'),
(993, 900000, 993, '4', '2026-03-18 17:05:41.430'),
(994, 900000, 994, 'HKDBS;1;0;1;811', '2026-03-18 17:05:41.430'),
(995, 900000, 995, 'HKDDL;1;0;1;811', '2026-03-18 17:05:41.430'),
(996, 900000, 996, 'HKDME;2;0;1;811', '2026-03-18 17:05:41.431'),
(997, 900000, 997, 'J', '2026-03-18 17:05:41.431'),
(998, 900000, 998, 'HKIPZ;1;0;1;811', '2026-03-18 17:05:41.431'),
(999, 900000, 999, 'HKDDN;1;0;1;811', '2026-03-18 17:05:41.431'),
(1000, 900000, 1000, 'HKCML;1;0;1;811', '2026-03-18 17:05:41.431'),
(1001, 900000, 1001, 'HIVOOS', '2026-03-18 17:05:41.431'),
(1002, 900000, 1002, 'HKBSE;2;0;1;811', '2026-03-18 17:05:41.431'),
(1003, 900000, 1003, 'HKEKA;5;0;1;811', '2026-03-18 17:05:41.431'),
(1004, 900000, 1004, 'HKCSE;1;0;1;811', '2026-03-18 17:05:41.431'),
(1005, 900000, 1005, '4', '2026-03-18 17:05:41.431'),
(1006, 900000, 1006, 'HKBME;1;0;1;811', '2026-03-18 17:05:41.431'),
(1007, 900000, 1007, '1', '2026-03-18 17:05:41.431'),
(1008, 900000, 1008, '1', '2026-03-18 17:05:41.431'),
(1009, 900000, 1009, 'N', '2026-03-18 17:05:41.431'),
(1010, 900000, 1010, 'https://fints1.atruvia.de/cgi-bin/hbciservlet', '2026-03-18 17:05:41.431'),
(1011, 900000, 1011, '4', '2026-03-18 17:05:41.431'),
(1012, 900000, 1012, 'sepade:xsd:pain.008.001.02_GBIC_2.xsd', '2026-03-18 17:05:41.431'),
(1013, 900000, 1013, '1', '2026-03-18 17:05:41.431'),
(1014, 900000, 1014, 'HKWPD', '2026-03-18 17:05:41.431'),
(1015, 900000, 1015, '1', '2026-03-18 17:05:41.431'),
(1016, 900000, 1016, 'N', '2026-03-18 17:05:41.431'),
(1017, 900000, 1017, '1', '2026-03-18 17:05:41.431'),
(1018, 900000, 1018, 'HKSPA;1;0;1;811', '2026-03-18 17:05:41.431'),
(1019, 900000, 1019, '0', '2026-03-18 17:05:41.431'),
(1020, 900000, 1020, '1', '2026-03-18 17:05:41.431'),
(1021, 900000, 1021, 'HKDSE;1;0;1;811', '2026-03-18 17:05:41.433'),
(1022, 900000, 1022, '1', '2026-03-18 17:05:41.433'),
(1023, 900000, 1023, '6', '2026-03-18 17:05:41.433'),
(1024, 900000, 1024, 'HKVPP;1;0;1;811', '2026-03-18 17:05:41.433'),
(1025, 900000, 1025, 'Challenge', '2026-03-18 17:05:41.433'),
(1026, 900000, 1026, 'HKKAA;1;0;1;811', '2026-03-18 17:05:41.433'),
(1027, 900000, 1027, 'HKBBS;1;0;1;811', '2026-03-18 17:05:41.433'),
(1028, 900000, 1028, 'HKAUB;6;0;1;811', '2026-03-18 17:05:41.433'),
(1029, 900000, 1029, 'HKDMB;1;0;1;811', '2026-03-18 17:05:41.433'),
(1030, 900000, 1030, 'HKBME;2;0;1;811', '2026-03-18 17:05:41.433'),
(1031, 900000, 1031, 'N', '2026-03-18 17:05:41.433'),
(1032, 900000, 1032, '47', '2026-03-18 17:05:41.433'),
(1033, 900000, 1033, 'HKDSE;2;0;1;811', '2026-03-18 17:05:41.433'),
(1034, 900000, 1034, 'HICUMS', '2026-03-18 17:05:41.433'),
(1035, 900000, 1035, 'HKCME;1;0;1;811', '2026-03-18 17:05:41.433'),
(1036, 900000, 1036, '0;1;110000', '2026-03-18 17:05:41.433'),
(1037, 900000, 1037, 'HKIPT;1;0;1;811', '2026-03-18 17:05:41.433'),
(1038, 900000, 1038, '6', '2026-03-18 17:05:41.433'),
(1039, 900000, 1039, '10', '2026-03-18 17:05:41.433'),
(1040, 900000, 1040, 'HKCCS', '2026-03-18 17:05:41.433'),
(1041, 900000, 1041, '9', '2026-03-18 17:05:41.433'),
(1042, 900000, 1042, '1', '2026-03-18 17:05:41.433'),
(1043, 900000, 1043, '4', '2026-03-18 17:05:41.433'),
(1044, 900000, 1044, 'HIDMES', '2026-03-18 17:05:41.433'),
(1045, 900000, 1045, '1', '2026-03-18 17:05:41.434'),
(1046, 900000, 1046, '2', '2026-03-18 17:05:41.434'),
(1047, 900000, 1047, 'N', '2026-03-18 17:05:41.434'),
(1048, 900000, 1048, 'HKCMB;1;0;1;811', '2026-03-18 17:05:41.434'),
(1049, 900000, 1049, 'V', '2026-03-18 17:05:41.434'),
(1050, 900000, 1050, 'HKSAL;7;0;1;811', '2026-03-18 17:05:41.434'),
(1051, 900000, 1051, '45', '2026-03-18 17:05:41.434'),
(1052, 900000, 1052, 'sepade:xsd:pain.008.001.02_GBIC_2.xsd', '2026-03-18 17:05:41.434'),
(1053, 900000, 1053, '1', '2026-03-18 17:05:41.434'),
(1054, 900000, 1054, 'J', '2026-03-18 17:05:41.434'),
(1055, 900000, 1055, '1', '2026-03-18 17:05:41.434'),
(1056, 900000, 1056, '4', '2026-03-18 17:05:41.434'),
(1057, 900000, 1057, '365', '2026-03-18 17:05:41.434'),
(1058, 900000, 1058, 'N', '2026-03-18 17:05:41.434'),
(1059, 900000, 1059, 'HICSLS', '2026-03-18 17:05:41.434'),
(1060, 900000, 1060, 'J', '2026-03-18 17:05:41.434'),
(1061, 900000, 1061, 'HKCME', '2026-03-18 17:05:41.434'),
(1062, 900000, 1062, '1', '2026-03-18 17:05:41.435'),
(1063, 900000, 1063, 'HKZDF', '2026-03-18 17:05:41.435'),
(1064, 900000, 1064, 'HKCSE', '2026-03-18 17:05:41.435'),
(1065, 900000, 1065, 'N', '2026-03-18 17:05:41.435'),
(1066, 900000, 1066, 'HKCSA', '2026-03-18 17:05:41.435'),
(1067, 900000, 1067, 'HKIPZ', '2026-03-18 17:05:41.435'),
(1068, 900000, 1068, 'HKCCM', '2026-03-18 17:05:41.435'),
(1069, 900000, 1069, '0;0;1;130000', '2026-03-18 17:05:41.435'),
(1070, 900000, 1070, '00', '2026-03-18 17:05:41.435'),
(1071, 900000, 1071, 'HKVPA;1;0;1;811', '2026-03-18 17:05:41.435'),
(1072, 900000, 1072, 'HKDDB;1;0;1;811', '2026-03-18 17:05:41.435'),
(1073, 900000, 1073, 'HKIDN;2;0;1;811', '2026-03-18 17:05:41.435'),
(1074, 900000, 1074, 'HKTAN', '2026-03-18 17:05:41.435'),
(1075, 900000, 1075, 'HKBSA;1;0;1;811', '2026-03-18 17:05:41.435'),
(1076, 900000, 1076, 'Challenge', '2026-03-18 17:05:41.435'),
(1077, 900000, 1077, 'HKDSA;1;0;1;811', '2026-03-18 17:05:41.435'),
(1078, 900000, 1078, 'N', '2026-03-18 17:05:41.436'),
(1079, 900000, 1079, 'HKECA;1;0;1;811', '2026-03-18 17:05:41.436');

INSERT INTO bankAccess_parameterData (
    id, bankAccess_id, parameterData_id, pdValue, updatedAt
) VALUES

(1080, 900000, 1080, 'HKPOF;1;0;1;811', '2026-03-18 17:05:41.436'),
(1081, 900000, 1081, 'HKDME;1;0;1;811', '2026-03-18 17:05:41.436'),
(1082, 900000, 1082, 'HIDSAS', '2026-03-18 17:05:41.436'),
(1083, 900000, 1083, 'HKTIA;1;0;1;811', '2026-03-18 17:05:41.436'),
(1084, 900000, 1084, 'HKCDE', '2026-03-18 17:05:41.436'),
(1085, 900000, 1085, 'HIDSES', '2026-03-18 17:05:41.436'),
(1086, 900000, 1086, '2', '2026-03-18 17:05:41.436'),
(1087, 900000, 1087, 'HKCDN', '2026-03-18 17:05:41.436'),
(1088, 900000, 1088, '1', '2026-03-18 17:05:41.436'),
(1089, 900000, 1089, '1', '2026-03-18 17:05:41.436'),
(1090, 900000, 1090, '1', '2026-03-18 17:05:41.436'),
(1091, 900000, 1091, 'J', '2026-03-18 17:05:41.436'),
(1092, 900000, 1092, '1', '2026-03-18 17:05:41.437'),
(1093, 900000, 1093, 'J', '2026-03-18 17:05:41.437'),
(1094, 900000, 1094, '1', '2026-03-18 17:05:41.437'),
(1095, 900000, 1095, 'HKKIF', '2026-03-18 17:05:41.437'),
(1096, 900000, 1096, '12345', '2026-03-18 17:05:41.437'),
(1097, 900000, 1097, NULL, '2026-03-18 17:05:41.437'),
(1098, 900000, 1098, 'HICSES', '2026-03-18 17:05:41.437'),
(1099, 900000, 1099, '1', '2026-03-18 17:05:41.437'),
(1100, 900000, 1100, 'sepade:xsd:pain.008.003.02.xsd', '2026-03-18 17:05:41.437'),
(1101, 900000, 1101, 'sepade:xsd:pain.008.001.02.xsd', '2026-03-18 17:05:41.437'),
(1102, 900000, 1102, '4', '2026-03-18 17:05:41.437'),
(1103, 900000, 1103, 'N', '2026-03-18 17:05:41.437'),
(1104, 900000, 1104, '1', '2026-03-18 17:05:41.437'),
(1105, 900000, 1105, '0102030612', '2026-03-18 17:05:41.437'),
(1106, 900000, 1106, '01020304050607080910111213141516171819202122232425262728293099', '2026-03-18 17:05:41.437'),
(1107, 900000, 1107, 'HKWPD;6;0;1;811', '2026-03-18 17:05:41.437'),
(1108, 900000, 1108, '01', '2026-03-18 17:05:41.438'),
(1109, 900000, 1109, 'HKCSL;1;0;1;811', '2026-03-18 17:05:41.438'),
(1110, 900000, 1110, '30530500', '2026-03-18 17:05:41.438'),
(1111, 900000, 1111, NULL, '2026-03-18 17:05:41.438'),
(1112, 900000, 1112, NULL, '2026-03-18 17:05:41.438'),
(1113, 900000, 1113, '1', '2026-03-18 17:05:41.438'),
(1114, 900000, 1114, '1', '2026-03-18 17:05:41.438'),
(1115, 900000, 1115, 'HKCUM;1;0;1;811', '2026-03-18 17:05:41.438'),
(1116, 900000, 1116, NULL, '2026-03-18 17:05:41.439'),
(1117, 900000, 1117, '1', '2026-03-18 17:05:41.439'),
(1118, 900000, 1118, '1', '2026-03-18 17:05:41.440'),
(1119, 900000, 1119, 'HKCCS;1;0;1;811', '2026-03-18 17:05:41.440'),
(1120, 900000, 1120, 'HKBSE;1;0;1;811', '2026-03-18 17:05:41.440'),
(1121, 900000, 1121, 'HKDSL;1;0;1;811', '2026-03-18 17:05:41.440'),
(1122, 900000, 1122, 'HKIPZ', '2026-03-18 17:05:41.440'),
(1123, 900000, 1123, 'HKQTG;1;0;1;811', '2026-03-18 17:05:41.440'),
(1124, 900000, 1124, 'HKCCM;1;0;1;811', '2026-03-18 17:05:41.440'),
(1125, 900000, 1125, 'N', '2026-03-18 17:05:41.440'),
(1126, 900000, 1126, 'HKDML;1;0;1;811', '2026-03-18 17:05:41.440'),
(1127, 900000, 1127, '1', '2026-03-18 17:05:41.440'),
(1128, 900000, 1128, '2', '2026-03-18 17:05:41.440'),
(1129, 900000, 1129, '1', '2026-03-18 17:05:41.440'),
(1130, 900000, 1130, 'J', '2026-03-18 17:05:41.440'),
(1131, 900000, 1131, '4', '2026-03-18 17:05:41.440'),
(1132, 900000, 1132, '360', '2026-03-18 17:05:41.440'),
(1133, 900000, 1133, '31', '2026-03-18 17:05:41.440'),
(1134, 900000, 1134, '2', '2026-03-18 17:05:41.440'),
(1135, 900000, 1135, '360', '2026-03-18 17:05:41.441'),
(1136, 900000, 1136, 'J', '2026-03-18 17:05:41.441'),
(1137, 900000, 1137, '64', '2026-03-18 17:05:41.441'),
(1138, 900000, 1138, '25', '2026-03-18 17:05:41.441'),
(1139, 900000, 1139, 'HIDSLS', '2026-03-18 17:05:41.441'),
(1140, 900000, 1140, 'HKDDE', '2026-03-18 17:05:41.441'),
(1141, 900000, 1141, '1', '2026-03-18 17:05:41.441'),
(1142, 900000, 1142, 'J', '2026-03-18 17:05:41.441'),
(1143, 900000, 1143, 'HHD', '2026-03-18 17:05:41.441'),
(1144, 900000, 1144, '19', '2026-03-18 17:05:41.441'),
(1145, 900000, 1145, 'J', '2026-03-18 17:05:41.441'),
(1146, 900000, 1146, 'Challenge', '2026-03-18 17:05:41.441'),
(1147, 900000, 1147, 'HKAUB;9;0;1;811', '2026-03-18 17:05:41.441'),
(1148, 900000, 1148, 'HKBSL;1;0;1;811', '2026-03-18 17:05:41.441'),
(1149, 900000, 1149, 'HKDDE;1;0;1;811', '2026-03-18 17:05:41.441'),
(1150, 900000, 1150, '56', '2026-03-18 17:05:41.441'),
(1151, 900000, 1151, 'HKIPE;1;0;1;811', '2026-03-18 17:05:41.441'),
(1152, 900000, 1152, 'HIZDAS', '2026-03-18 17:05:41.441'),
(1153, 900000, 1153, 'HKBMB;1;0;1;811', '2026-03-18 17:05:41.441'),
(1154, 900000, 1154, 'HKIPM;1;0;1;811', '2026-03-18 17:05:41.441'),
(1155, 900000, 1155, 'HKCSB;1;0;1;811', '2026-03-18 17:05:41.441'),
(1156, 900000, 1156, 'HKBML;1;0;1;811', '2026-03-18 17:05:41.441'),
(1157, 900000, 1157, '33', '2026-03-18 17:05:41.441'),
(1158, 900000, 1158, 'HKCAZ;1;0;1;811', '2026-03-18 17:05:41.441'),
(1159, 900000, 1159, 'HKVOO;1;0;1;811', '2026-03-18 17:05:41.441'),
(1160, 900000, 1160, '1', '2026-03-18 17:05:41.443'),
(1161, 900000, 1161, '1', '2026-03-18 17:05:41.443'),
(1162, 900000, 1162, '1', '2026-03-18 17:05:41.443'),
(1163, 900000, 1163, '32', '2026-03-18 17:05:41.443'),
(1164, 900000, 1164, '1', '2026-03-18 17:05:41.443'),
(1165, 900000, 1165, 'J', '2026-03-18 17:05:41.443'),
(1166, 900000, 1166, '73', '2026-03-18 17:05:41.443'),
(1167, 900000, 1167, 'HKZDA;1;0;1;811', '2026-03-18 17:05:41.443'),
(1168, 900000, 1168, 'HKCSA;1;0;1;811', '2026-03-18 17:05:41.443'),
(1169, 900000, 1169, 'HKKIF;7;0;1;811', '2026-03-18 17:05:41.443'),
(1170, 900000, 1170, 'HKZDF;1;0;1;811', '2026-03-18 17:05:41.443'),
(1171, 900000, 1171, '1', '2026-03-18 17:05:41.443'),
(1172, 900000, 1172, 'HKBAZ;1;0;1;811', '2026-03-18 17:05:41.443'),
(1173, 900000, 1173, 'HKSAL;4;0;1;811', '2026-03-18 17:05:41.443'),
(1174, 900000, 1174, '1', '2026-03-18 17:05:41.443'),
(1175, 900000, 1175, 'HKIPS;1;0;1;811', '2026-03-18 17:05:41.443'),
(1176, 900000, 1176, 'HKWDU;5;0;1;811', '2026-03-18 17:05:41.443'),
(1177, 900000, 1177, 'HKCUB;1;0;1;811', '2026-03-18 17:05:41.444'),
(1178, 900000, 1178, '1', '2026-03-18 17:05:41.444'),
(1179, 900000, 1179, 'HKKAU;2;0;1;811', '2026-03-18 17:05:41.444'),
(1180, 900000, 1180, '1', '2026-03-18 17:05:41.444'),
(1181, 900000, 1181, '1', '2026-03-18 17:05:41.444'),
(1182, 900000, 1182, 'J', '2026-03-18 17:05:41.444'),
(1183, 900000, 1183, 'SecureGo', '2026-03-18 17:05:41.444'),
(1184, 900000, 1184, '999', '2026-03-18 17:05:41.444'),
(1185, 900000, 1185, 'N', '2026-03-18 17:05:41.444'),
(1186, 900000, 1186, '1', '2026-03-18 17:05:41.444'),
(1187, 900000, 1187, 'HIBPA', '2026-03-18 17:05:41.444'),
(1188, 900000, 1188, 'HIAUBS', '2026-03-18 17:05:41.444'),
(1189, 900000, 1189, '1', '2026-03-18 17:05:41.444'),
(1190, 900000, 1190, '1', '2026-03-18 17:05:41.444'),
(1191, 900000, 1191, 'HIIPZS', '2026-03-18 17:05:41.444'),
(1192, 900000, 1192, '1', '2026-03-18 17:05:41.445'),
(1193, 900000, 1, '300', '2026-03-18 17:05:47.741'),
(1194, 900000, 2, 'HKSSP', '2026-03-18 17:05:47.741'),
(1195, 900000, 3, 'HKKAA', '2026-03-18 17:05:47.741'),
(1196, 900000, 4, '1', '2026-03-18 17:05:47.741'),
(1197, 900000, 5, 'HIUPA', '2026-03-18 17:05:47.741'),
(1198, 900000, 6, '1', '2026-03-18 17:05:47.741'),
(1199, 900000, 7, '0', '2026-03-18 17:05:47.741'),
(1200, 900000, 8, '1', '2026-03-18 17:05:47.741'),
(1201, 900000, 9, 'HKBMB', '2026-03-18 17:05:47.741'),
(1202, 900000, 10, 'Termineinlage', '2026-03-18 17:05:47.741'),
(1203, 900000, 11, '1', '2026-03-18 17:05:47.741'),
(1204, 900000, 12, '1', '2026-03-18 17:05:47.741'),
(1205, 900000, 13, 'DE27305305000546967800', '2026-03-18 17:05:47.741'),
(1206, 900000, 14, 'HKSAL', '2026-03-18 17:05:47.741'),
(1207, 900000, 15, 'HKCAZ', '2026-03-18 17:05:47.741'),
(1208, 900000, 16, 'EUR', '2026-03-18 17:05:47.741'),
(1209, 900000, 17, '1', '2026-03-18 17:05:47.741'),
(1210, 900000, 18, '1', '2026-03-18 17:05:47.741'),
(1211, 900000, 19, 'HKCSA', '2026-03-18 17:05:47.741'),
(1212, 900000, 20, '1', '2026-03-18 17:05:47.741'),
(1213, 900000, 21, '4', '2026-03-18 17:05:47.741'),
(1214, 900000, 22, 'DE', '2026-03-18 17:05:47.741'),
(1215, 900000, 23, '1', '2026-03-18 17:05:47.741'),
(1216, 900000, 24, '1', '2026-03-18 17:05:47.741'),
(1217, 900000, 25, '1', '2026-03-18 17:05:47.741'),
(1218, 900000, 26, 'HKCSL', '2026-03-18 17:05:47.741'),
(1219, 900000, 27, 'HKCSB', '2026-03-18 17:05:47.741'),
(1220, 900000, 28, '4', '2026-03-18 17:05:47.741'),
(1221, 900000, 29, 'HIUPD', '2026-03-18 17:05:47.741'),
(1222, 900000, 30, 'HKTIA', '2026-03-18 17:05:47.741'),
(1223, 900000, 31, 'HKEKA', '2026-03-18 17:05:47.741'),
(1224, 900000, 32, 'HKISA', '2026-03-18 17:05:47.741'),
(1225, 900000, 33, '1', '2026-03-18 17:05:47.741'),
(1226, 900000, 34, 'HKBBS', '2026-03-18 17:05:47.741'),
(1227, 900000, 35, '1', '2026-03-18 17:05:47.741'),
(1228, 900000, 36, 'HKSPA', '2026-03-18 17:05:47.741'),
(1229, 900000, 37, '1', '2026-03-18 17:05:47.741'),
(1230, 900000, 38, 'HKIPT', '2026-03-18 17:05:47.741'),
(1231, 900000, 39, '4', '2026-03-18 17:05:47.741'),
(1232, 900000, 40, 'HKKIF', '2026-03-18 17:05:47.741'),
(1233, 900000, 41, 'HKPOF', '2026-03-18 17:05:47.741'),
(1234, 900000, 42, '1', '2026-03-18 17:05:47.741'),
(1235, 900000, 43, 'soene01', '2026-03-18 17:05:47.741'),
(1236, 900000, 44, 'HKKAU', '2026-03-18 17:05:47.741'),
(1237, 900000, 45, '1', '2026-03-18 17:05:47.741'),
(1238, 900000, 46, 'HKCCS', '2026-03-18 17:05:47.741'),
(1239, 900000, 47, '1', '2026-03-18 17:05:47.741'),
(1240, 900000, 48, 'HKDBS', '2026-03-18 17:05:47.741'),
(1241, 900000, 49, '1', '2026-03-18 17:05:47.741'),
(1242, 900000, 50, '1', '2026-03-18 17:05:47.741'),
(1243, 900000, 51, 'HKPSP', '2026-03-18 17:05:47.741'),
(1244, 900000, 52, '98', '2026-03-18 17:05:47.741'),
(1245, 900000, 53, '1', '2026-03-18 17:05:47.741'),
(1246, 900000, 54, 'HKSAK', '2026-03-18 17:05:47.741'),
(1247, 900000, 55, 'HKCSE', '2026-03-18 17:05:47.741'),
(1248, 900000, 56, 'HKCUM', '2026-03-18 17:05:47.741'),
(1249, 900000, 57, 'HKDMB', '2026-03-18 17:05:47.741'),
(1250, 900000, 58, '1', '2026-03-18 17:05:47.741'),
(1251, 900000, 59, 'HKCUB', '2026-03-18 17:05:47.741'),
(1252, 900000, 60, '1', '2026-03-18 17:05:47.741'),
(1253, 900000, 61, '{"umsltzt":"2026-03-18-15.52.19.000791"}', '2026-03-18 17:05:47.741'),
(1254, 900000, 62, '1', '2026-03-18 17:05:47.741'),
(1255, 900000, 63, '1', '2026-03-18 17:05:47.741'),
(1256, 900000, 64, '20', '2026-03-18 17:05:47.741'),
(1257, 900000, 65, 'Max Mustermann', '2026-03-18 17:05:47.741'),
(1258, 900000, 66, '1', '2026-03-18 17:05:47.741'),
(1259, 900000, 67, 'HKQTG', '2026-03-18 17:05:47.741'),
(1260, 900000, 68, 'soene01', '2026-03-18 17:05:47.741'),
(1261, 900000, 69, '6', '2026-03-18 17:05:47.741'),
(1262, 900000, 70, '6', '2026-03-18 17:05:47.741'),
(1263, 900000, 71, 'HKPAE', '2026-03-18 17:05:47.741'),
(1264, 900000, 72, '1', '2026-03-18 17:05:47.741'),
(1265, 900000, 73, '7', '2026-03-18 17:05:47.741'),
(1266, 900000, 74, '946965600', '2026-03-18 17:05:47.741'),
(1267, 900000, 75, '1', '2026-03-18 17:05:47.741'),
(1268, 900000, 76, '30530500', '2026-03-18 17:05:47.741'),
(1269, 900000, 1193, 'DE27305305000546967800', '2026-03-18 17:05:47.741'),
(1270, 900000, 1194, 'WEFZDED1XXX', '2026-03-18 17:05:47.741'),
(1271, 900000, 1195, 'Wed Mar 18 17:05:47 CET 2026', '2026-03-18 17:05:47.741');

COMMIT;
